{
	"format_version": "1.9.0",
	"credit": "Made with Blockbench",
	"texture_size": [32, 32],
	"textures": {
		"1": "./h1"
	},
	"elements": [
		{
			"from": [3.9, 0, 3.9],
			"to": [12.1, 2, 12.1],
			"rotation": {"angle": 0, "axis": "y", "origin": [7, 0, 7]},
			"faces": {
				"north": {"uv": [6, 8, 10, 9], "texture": "#1"},
				"east": {"uv": [6, 9, 10, 10], "texture": "#1"},
				"south": {"uv": [10, 0, 14, 1], "texture": "#1"},
				"west": {"uv": [10, 1, 14, 2], "texture": "#1"},
				"up": {"uv": [10, 4, 6, 0], "texture": "#1"},
				"down": {"uv": [10, 4, 6, 8], "texture": "#1"}
			}
		},
		{
			"from": [2, 0, 2],
			"to": [14, 0.1, 14],
			"rotation": {"angle": 0, "axis": "y", "origin": [7, 0, 7]},
			"faces": {
				"north": {"uv": [10, 2, 16, 2.25], "texture": "#1"},
				"east": {"uv": [10, 2.5, 16, 2.75], "texture": "#1"},
				"south": {"uv": [10, 3, 16, 3.25], "texture": "#1"},
				"west": {"uv": [10, 3.5, 16, 3.75], "texture": "#1"},
				"up": {"uv": [6, 6, 0, 0], "texture": "#1"},
				"down": {"uv": [6, 6, 0, 12], "texture": "#1"}
			}
		}
	],
	"display": {
		"thirdperson_righthand": {
			"translation": [0, 6, 0.75],
			"scale": [0.75, 0.75, 0.75]
		},
		"thirdperson_lefthand": {
			"translation": [0, 8, 0],
			"scale": [0.75, 0.75, 0.75]
		},
		"firstperson_righthand": {
			"translation": [0, 10.5, 1.75],
			"scale": [0.99, 1, 0.61]
		},
		"firstperson_lefthand": {
			"translation": [0, 10, 1.25],
			"scale": [1, 1, 0.62]
		},
		"ground": {
			"translation": [0, 4, 0]
		},
		"gui": {
			"rotation": [63, 38, 0],
			"translation": [0, 2.75, 0],
			"scale": [0.85, 0.85, 0.85]
		},
		"head": {
			"translation": [0, 16.5, 0],
			"scale": [1.6, 1.6, 1.6]
		},
		"fixed": {
			"rotation": [-90, 43, 0],
			"translation": [0, 0, -7]
		}
	}
}