{
	"format_version": "1.9.0",
	"credit": "Made with Blockbench",
	"texture_size": [32, 32],
	"textures": {
		"0": "./n9",
		"particle": "./n9"
	},
	"elements": [
		{
			"from": [7, 0, 7],
			"to": [9, 2, 9],
			"rotation": {"angle": 0, "axis": "y", "origin": [7, 0, 7]},
			"faces": {
				"north": {"uv": [3.5, 5, 4.5, 6], "texture": "#0"},
				"east": {"uv": [5, 4, 6, 5], "texture": "#0"},
				"south": {"uv": [4.5, 5, 5.5, 6], "texture": "#0"},
				"west": {"uv": [5.5, 2, 6.5, 3], "texture": "#0"},
				"up": {"uv": [6.5, 4, 5.5, 3], "texture": "#0"},
				"down": {"uv": [6.5, 5, 5.5, 6], "texture": "#0"}
			}
		},
		{
			"from": [7, 6, 7.3],
			"to": [9, 6.7, 8.7],
			"rotation": {"angle": 0, "axis": "y", "origin": [7, 6, 7]},
			"faces": {
				"north": {"uv": [7, 6, 8, 6.25], "texture": "#0"},
				"east": {"uv": [3.5, 7.5, 4.25, 7.75], "texture": "#0"},
				"south": {"uv": [7, 6.5, 8, 6.75], "texture": "#0"},
				"west": {"uv": [7.5, 3.5, 8.25, 3.75], "texture": "#0"},
				"up": {"uv": [2, 6.75, 1, 6], "texture": "#0"},
				"down": {"uv": [7, 1, 6, 1.75], "texture": "#0"}
			}
		},
		{
			"from": [5.7, 6.7, 7.2],
			"to": [10.3, 7.7, 8.8],
			"rotation": {"angle": 0, "axis": "y", "origin": [7, 7, 7]},
			"faces": {
				"north": {"uv": [4.5, 0, 6.75, 0.5], "texture": "#0"},
				"east": {"uv": [6.5, 3.5, 7.25, 4], "texture": "#0"},
				"south": {"uv": [4.5, 0.5, 6.75, 1], "texture": "#0"},
				"west": {"uv": [4, 6.5, 4.75, 7], "texture": "#0"},
				"up": {"uv": [4.25, 0.75, 2, 0], "texture": "#0"},
				"down": {"uv": [4.25, 1, 2, 1.75], "texture": "#0"}
			}
		},
		{
			"from": [10.1, 7, 7.225],
			"to": [11.2, 8, 8.775],
			"rotation": {"angle": -22.5, "axis": "z", "origin": [9.4, 7.3, 7]},
			"faces": {
				"north": {"uv": [2.5, 7.5, 3, 8], "texture": "#0"},
				"east": {"uv": [6.5, 5, 7.25, 5.5], "texture": "#0"},
				"south": {"uv": [7.5, 2.5, 8, 3], "texture": "#0"},
				"west": {"uv": [6.5, 5.5, 7.25, 6], "texture": "#0"},
				"up": {"uv": [5.5, 7.25, 5, 6.5], "texture": "#0"},
				"down": {"uv": [7, 6, 6.5, 6.75], "texture": "#0"}
			}
		},
		{
			"from": [5, 6.075, 7.225],
			"to": [6.1, 7.075, 8.775],
			"rotation": {"angle": 22.5, "axis": "z", "origin": [4.3, 6.375, 7]},
			"faces": {
				"north": {"uv": [3, 7.5, 3.5, 8], "texture": "#0"},
				"east": {"uv": [7, 0, 7.75, 0.5], "texture": "#0"},
				"south": {"uv": [7.5, 3, 8, 3.5], "texture": "#0"},
				"west": {"uv": [7, 0.5, 7.75, 1], "texture": "#0"},
				"up": {"uv": [1.5, 7.75, 1, 7], "texture": "#0"},
				"down": {"uv": [7.5, 1, 7, 1.75], "texture": "#0"}
			}
		},
		{
			"from": [6.5, 6.5, 7],
			"to": [9.5, 7.9, 9],
			"rotation": {"angle": 0, "axis": "y", "origin": [7, 7.2, 7]},
			"faces": {
				"north": {"uv": [4.5, 1, 6, 1.75], "texture": "#0"},
				"east": {"uv": [2, 6, 3, 6.75], "texture": "#0"},
				"south": {"uv": [2, 5, 3.5, 5.75], "texture": "#0"},
				"west": {"uv": [3, 6, 4, 6.75], "texture": "#0"},
				"up": {"uv": [3.5, 5, 2, 4], "texture": "#0"},
				"down": {"uv": [5.5, 2, 4, 3], "texture": "#0"}
			}
		},
		{
			"from": [6.8, 7.7, 7.9],
			"to": [9.2, 9.6, 8.1],
			"rotation": {"angle": 0, "axis": "y", "origin": [7, 8, 7]},
			"faces": {
				"north": {"uv": [4, 3, 5.25, 4], "texture": "#0"},
				"east": {"uv": [4.5, 7, 4.75, 8], "texture": "#0"},
				"south": {"uv": [3.5, 4, 4.75, 5], "texture": "#0"},
				"west": {"uv": [7, 7, 7.25, 8], "texture": "#0"},
				"up": {"uv": [2.75, 7.25, 1.5, 7], "texture": "#0"},
				"down": {"uv": [4.25, 7, 3, 7.25], "texture": "#0"}
			}
		},
		{
			"from": [7.5, 9.6, 7.9],
			"to": [9.2, 17.7, 8.1],
			"rotation": {"angle": 0, "axis": "y", "origin": [7, 8, 7]},
			"faces": {
				"north": {"uv": [0, 0, 0.75, 4], "texture": "#0"},
				"east": {"uv": [0, 6, 0.25, 10], "texture": "#0"},
				"south": {"uv": [1, 0, 1.75, 4], "texture": "#0"},
				"west": {"uv": [0.5, 6, 0.75, 10], "texture": "#0"},
				"up": {"uv": [8.25, 4.25, 7.5, 4], "texture": "#0"},
				"down": {"uv": [5.75, 7.5, 5, 7.75], "texture": "#0"}
			}
		},
		{
			"from": [6.8, 10.325, 7.9],
			"to": [7.5, 11.575, 8.1],
			"rotation": {"angle": 0, "axis": "y", "origin": [7, 8, 7]},
			"faces": {
				"north": {"uv": [7.5, 5, 7.75, 5.75], "texture": "#0"},
				"east": {"uv": [6, 7.5, 6.25, 8.25], "texture": "#0"},
				"south": {"uv": [6.5, 7.5, 6.75, 8.25], "texture": "#0"},
				"west": {"uv": [7.5, 7, 7.75, 7.75], "texture": "#0"},
				"up": {"uv": [8.25, 6.25, 8, 6], "texture": "#0"},
				"down": {"uv": [8.25, 6.5, 8, 6.75], "texture": "#0"}
			}
		},
		{
			"from": [6.5, 12.25, 7.9],
			"to": [7.5, 12.8, 8.1],
			"rotation": {"angle": 0, "axis": "y", "origin": [7, 8, 7]},
			"faces": {
				"north": {"uv": [8, 3, 8.5, 3.25], "texture": "#0"},
				"east": {"uv": [7, 8, 7.25, 8.25], "texture": "#0"},
				"south": {"uv": [3.5, 8, 4, 8.25], "texture": "#0"},
				"west": {"uv": [8, 7, 8.25, 7.25], "texture": "#0"},
				"up": {"uv": [4.5, 8.25, 4, 8], "texture": "#0"},
				"down": {"uv": [5, 8, 4.5, 8.25], "texture": "#0"}
			}
		},
		{
			"from": [6.8, 14.15, 7.9],
			"to": [7.5, 14.825, 8.1],
			"rotation": {"angle": 0, "axis": "y", "origin": [7, 8, 7]},
			"faces": {
				"north": {"uv": [7.5, 8, 7.75, 8.25], "texture": "#0"},
				"east": {"uv": [8, 7.5, 8.25, 7.75], "texture": "#0"},
				"south": {"uv": [8, 8, 8.25, 8.25], "texture": "#0"},
				"west": {"uv": [8.5, 0, 8.75, 0.25], "texture": "#0"},
				"up": {"uv": [8.75, 0.75, 8.5, 0.5], "texture": "#0"},
				"down": {"uv": [8.75, 1, 8.5, 1.25], "texture": "#0"}
			}
		},
		{
			"from": [6.6, 14.825, 7.9],
			"to": [7.5, 15.625, 8.1],
			"rotation": {"angle": 0, "axis": "y", "origin": [7, 8, 7]},
			"faces": {
				"north": {"uv": [7.5, 1.5, 8, 2], "texture": "#0"},
				"east": {"uv": [5, 8, 5.25, 8.5], "texture": "#0"},
				"south": {"uv": [7.5, 2, 8, 2.5], "texture": "#0"},
				"west": {"uv": [8, 5, 8.25, 5.5], "texture": "#0"},
				"up": {"uv": [6, 8.25, 5.5, 8], "texture": "#0"},
				"down": {"uv": [8.5, 5.5, 8, 5.75], "texture": "#0"}
			}
		},
		{
			"from": [6.8, 16.25, 7.9],
			"to": [7.5, 17.7, 8.1],
			"rotation": {"angle": 0, "axis": "y", "origin": [7, 8, 7]},
			"faces": {
				"north": {"uv": [8, 0, 8.25, 0.75], "texture": "#0"},
				"east": {"uv": [1, 8, 1.25, 8.75], "texture": "#0"},
				"south": {"uv": [1.5, 8, 1.75, 8.75], "texture": "#0"},
				"west": {"uv": [8, 1.5, 8.25, 2.25], "texture": "#0"},
				"up": {"uv": [8.75, 1.75, 8.5, 1.5], "texture": "#0"},
				"down": {"uv": [2.25, 8.5, 2, 8.75], "texture": "#0"}
			}
		},
		{
			"from": [6.8, 12.8, 7.9],
			"to": [7.5, 13.475, 8.1],
			"rotation": {"angle": 0, "axis": "y", "origin": [7, 8, 7]},
			"faces": {
				"north": {"uv": [8.5, 2, 8.75, 2.25], "texture": "#0"},
				"east": {"uv": [2.5, 8.5, 2.75, 8.75], "texture": "#0"},
				"south": {"uv": [8.5, 2.5, 8.75, 2.75], "texture": "#0"},
				"west": {"uv": [3, 8.5, 3.25, 8.75], "texture": "#0"},
				"up": {"uv": [8.75, 3.25, 8.5, 3], "texture": "#0"},
				"down": {"uv": [3.75, 8.5, 3.5, 8.75], "texture": "#0"}
			}
		},
		{
			"from": [6.6, 17.7, 7.95],
			"to": [9, 18.7, 8.05],
			"rotation": {"angle": 0, "axis": "y", "origin": [7, 13, 7]},
			"faces": {
				"north": {"uv": [4, 6, 5.25, 6.5], "texture": "#0"},
				"east": {"uv": [8, 2.5, 8.25, 3], "texture": "#0"},
				"south": {"uv": [6, 4, 7.25, 4.5], "texture": "#0"},
				"west": {"uv": [3, 8, 3.25, 8.5], "texture": "#0"},
				"up": {"uv": [8.25, 4.75, 7, 4.5], "texture": "#0"},
				"down": {"uv": [6.75, 7, 5.5, 7.25], "texture": "#0"}
			}
		},
		{
			"from": [6.4, 18.7, 7.975],
			"to": [8.6, 19.7, 8.025],
			"rotation": {"angle": 0, "axis": "y", "origin": [7, 14, 7]},
			"faces": {
				"north": {"uv": [6, 4.5, 7, 5], "texture": "#0"},
				"east": {"uv": [2, 8, 2.25, 8.5], "texture": "#0"},
				"south": {"uv": [6.5, 3, 7.5, 3.5], "texture": "#0"},
				"west": {"uv": [2.5, 8, 2.75, 8.5], "texture": "#0"},
				"up": {"uv": [8.5, 1.25, 7.5, 1], "texture": "#0"},
				"down": {"uv": [2.5, 7.5, 1.5, 7.75], "texture": "#0"}
			}
		},
		{
			"from": [7.3, 2, 7.4],
			"to": [8.7, 6, 8.7],
			"rotation": {"angle": 0, "axis": "y", "origin": [7, 2, 7]},
			"faces": {
				"north": {"uv": [2, 2, 2.75, 4], "texture": "#0"},
				"east": {"uv": [3, 2, 3.75, 4], "texture": "#0"},
				"south": {"uv": [0, 4, 0.75, 6], "texture": "#0"},
				"west": {"uv": [1, 4, 1.75, 6], "texture": "#0"},
				"up": {"uv": [6.25, 6.75, 5.5, 6], "texture": "#0"},
				"down": {"uv": [7.25, 2, 6.5, 2.75], "texture": "#0"}
			}
		}
	],
	"display": {
		"thirdperson_righthand": {
			"rotation": [0, 91, 0],
			"translation": [0, 2.5, 1.25]
		},
		"thirdperson_lefthand": {
			"rotation": [0, -90, 0],
			"translation": [0, 2.25, 1.25]
		},
		"firstperson_righthand": {
			"rotation": [6.5, 74.5, 0],
			"translation": [0.5, 2.5, 3],
			"scale": [0.8125, 0.80469, 0.90039]
		},
		"firstperson_lefthand": {
			"rotation": [-174.25, -85, 180],
			"translation": [0, 2.25, 3],
			"scale": [0.8, 0.8, 0.8]
		},
		"ground": {
			"rotation": [-63.88, 28.78, -44.68]
		},
		"gui": {
			"rotation": [180, 0, -137.75],
			"translation": [-1.5, -1.25, 0]
		},
		"head": {
			"translation": [0, 13.75, 0]
		},
		"fixed": {
			"rotation": [0, 0, 35],
			"translation": [0.5, -1.75, 0]
		}
	}
}