{
	"format_version": "1.9.0",
	"credit": "Made with Blockbench",
	"textures": {
		"3": "./n9"
	},
	"elements": [
		{
			"from": [7.2, 6, 6.7],
			"to": [8.8, 6.9, 9.3],
			"rotation": {"angle": 0, "axis": "y", "origin": [7, 6, 7]},
			"faces": {
				"north": {"uv": [9, 5, 10.5, 6], "texture": "#3"},
				"east": {"uv": [9, 3, 11.5, 4], "texture": "#3"},
				"south": {"uv": [8, 9, 9.5, 10], "texture": "#3"},
				"west": {"uv": [9, 4, 11.5, 5], "texture": "#3"},
				"up": {"uv": [9.5, 8.5, 8, 6], "texture": "#3"},
				"down": {"uv": [10.5, 0, 9, 2.5], "texture": "#3"}
			}
		},
		{
			"from": [7.925, 6.9, 7.3],
			"to": [8.025, 16.2, 8.7],
			"rotation": {"angle": 0, "axis": "y", "origin": [7, 6.9, 7]},
			"faces": {
				"north": {"uv": [6, 0, 6.5, 9.5], "texture": "#3"},
				"east": {"uv": [0, 0, 1.5, 9.5], "texture": "#3"},
				"south": {"uv": [6, 0, 6.5, 9.5], "texture": "#3"},
				"west": {"uv": [2, 0, 3.5, 9.5], "texture": "#3"},
				"up": {"uv": [6.5, 11.5, 6, 10], "texture": "#3"},
				"down": {"uv": [6.5, 10, 6, 11.5], "texture": "#3"}
			}
		},
		{
			"from": [7.925, 16.2, 7.5],
			"to": [8.025, 19.3, 8.9],
			"rotation": {"angle": 0, "axis": "y", "origin": [7, 8.9, 7.2]},
			"faces": {
				"north": {"uv": [5, 8, 5.5, 11], "texture": "#3"},
				"east": {"uv": [7, 0, 8.5, 3], "texture": "#3"},
				"south": {"uv": [5, 8, 5.5, 11], "texture": "#3"},
				"west": {"uv": [7, 3, 8.5, 6], "texture": "#3"},
				"up": {"uv": [6.5, 10, 6, 11.5], "texture": "#3"},
				"down": {"uv": [6.5, 10, 6, 11.5], "texture": "#3"}
			}
		},
		{
			"from": [7.925, 19.3, 7.8],
			"to": [8.025, 20.6, 9],
			"rotation": {"angle": 0, "axis": "y", "origin": [7, 11, 7.5]},
			"faces": {
				"north": {"uv": [6, 10, 6.5, 11.5], "texture": "#3"},
				"east": {"uv": [0, 10, 1, 11.5], "texture": "#3"},
				"south": {"uv": [6, 10, 6.5, 11.5], "texture": "#3"},
				"west": {"uv": [1, 10, 2, 11.5], "texture": "#3"},
				"up": {"uv": [10.5, 7, 10, 6], "texture": "#3"},
				"down": {"uv": [10.5, 6, 10, 7], "texture": "#3"}
			}
		},
		{
			"from": [7.4, 2, 7.3],
			"to": [8.6, 6, 8.7],
			"rotation": {"angle": 0, "axis": "y", "origin": [7, 2, 7]},
			"faces": {
				"north": {"uv": [7, 6, 8, 10], "texture": "#3"},
				"east": {"uv": [4, 0, 5.5, 4], "texture": "#3"},
				"south": {"uv": [4, 8, 5, 12], "texture": "#3"},
				"west": {"uv": [4, 4, 5.5, 8], "texture": "#3"},
				"up": {"uv": [3, 11.5, 2, 10], "texture": "#3"},
				"down": {"uv": [4, 10, 3, 11.5], "texture": "#3"}
			}
		}
	],
	"display": {
		"thirdperson_righthand": {
			"translation": [0, 2.75, 1]
		},
		"thirdperson_lefthand": {
			"translation": [0, 2.5, 1.5]
		},
		"firstperson_righthand": {
			"rotation": [1, -10, 0],
			"translation": [0, 3.75, 3.75],
			"scale": [0.61, 0.61, 0.61]
		},
		"firstperson_lefthand": {
			"rotation": [-10, -13, -180],
			"translation": [4.25, -1, 0]
		},
		"ground": {
			"rotation": [0, 0, 101]
		},
		"gui": {
			"rotation": [-126.58, -38, -119.51],
			"translation": [-2.75, -2.25, 0]
		},
		"head": {
			"translation": [0, 12.5, 0]
		}
	}
}