{
	"format_version": "1.9.0",
	"credit": "Made with Blockbench",
	"textures": {
		"0": "./n6",
		"particle": "./n6"
	},
	"elements": [
		{
			"from": [6, 0, 7],
			"to": [10, 4, 11],
			"rotation": {"angle": 0, "axis": "y", "origin": [7, 0, 8]},
			"faces": {
				"north": {"uv": [0, 0, 4, 4], "texture": "#0"},
				"east": {"uv": [0, 4, 4, 8], "texture": "#0"},
				"south": {"uv": [4, 0, 8, 4], "texture": "#0"},
				"west": {"uv": [4, 4, 8, 8], "texture": "#0"},
				"up": {"uv": [4, 12, 0, 8], "texture": "#0"},
				"down": {"uv": [12, 0, 8, 4], "texture": "#0"}
			}
		}
	],
	"display": {
		"thirdperson_righthand": {
			"translation": [0, 3.25, 0.5],
			"scale": [0.43, 0.42, 0.43]
		},
		"thirdperson_lefthand": {
			"translation": [0, 3.25, 0.25],
			"scale": [0.43, 0.43, 0.43]
		},
		"firstperson_righthand": {
			"translation": [0, 5.25, 2.25],
			"scale": [0.51, 0.51, 0.51]
		},
		"firstperson_lefthand": {
			"translation": [0, 6.75, 2.5],
			"scale": [0.44, 0.43, 0.44]
		},
		"gui": {
			"rotation": [178.36, -54.43, 135.61],
			"translation": [-1.75, 4.75, 0]
		},
		"head": {
			"translation": [0, 14, 0]
		},
		"fixed": {
			"rotation": [0, 0, 22.25],
			"translation": [-2.75, 5.75, 0]
		}
	}
}