{
	"format_version": "1.9.0",
	"credit": "Made with Blockbench",
	"texture_size": [32, 32],
	"textures": {
		"1": "./n7"
	},
	"elements": [
		{
			"from": [5, 4, 5],
			"to": [11, 8, 11],
			"rotation": {"angle": 0, "axis": "y", "origin": [6, 4, 8]},
			"faces": {
				"north": {"uv": [3, 0, 6, 2], "texture": "#1"},
				"east": {"uv": [3, 2, 6, 4], "texture": "#1"},
				"south": {"uv": [3, 4, 6, 6], "texture": "#1"},
				"west": {"uv": [0, 6, 3, 8], "texture": "#1"},
				"up": {"uv": [3, 3, 0, 0], "texture": "#1"},
				"down": {"uv": [3, 3, 0, 6], "texture": "#1"}
			}
		},
		{
			"from": [5.6, 0, 5.7],
			"to": [10.3, 2, 10.3],
			"rotation": {"angle": 0, "axis": "y", "origin": [6, 2, 8]},
			"faces": {
				"north": {"uv": [5.5, 7, 7.75, 8], "texture": "#1"},
				"east": {"uv": [0, 8, 2.25, 9], "texture": "#1"},
				"south": {"uv": [2.5, 8, 4.75, 9], "texture": "#1"},
				"west": {"uv": [5, 8, 7.25, 9], "texture": "#1"},
				"up": {"uv": [8.25, 2.25, 6, 0], "texture": "#1"},
				"down": {"uv": [8.25, 2.5, 6, 4.75], "texture": "#1"}
			}
		},
		{
			"from": [5.4, 2, 5.4],
			"to": [10.6, 4, 10.6],
			"rotation": {"angle": 0, "axis": "y", "origin": [6, 2, 8]},
			"faces": {
				"north": {"uv": [3, 6, 5.5, 7], "texture": "#1"},
				"east": {"uv": [6, 5, 8.5, 6], "texture": "#1"},
				"south": {"uv": [5.5, 6, 8, 7], "texture": "#1"},
				"west": {"uv": [3, 7, 5.5, 8], "texture": "#1"},
				"up": {"uv": [6, 0, 8.25, 2.25], "texture": "#1"},
				"down": {"uv": [6, 2.5, 8.25, 4.75], "texture": "#1"}
			}
		},
		{
			"from": [4.4, 2.2, 7.5],
			"to": [5.4, 3.2, 8.5],
			"rotation": {"angle": 0, "axis": "y", "origin": [3.4, 2.2, 6.5]},
			"faces": {
				"north": {"uv": [8.5, 0, 9, 0.5], "texture": "#1"},
				"east": {"uv": [8.5, 0.5, 9, 1], "texture": "#1"},
				"south": {"uv": [8.5, 1, 9, 1.5], "texture": "#1"},
				"west": {"uv": [8.5, 1.5, 9, 2], "texture": "#1"},
				"up": {"uv": [9, 2.5, 8.5, 2], "texture": "#1"},
				"down": {"uv": [9, 2.5, 8.5, 3], "texture": "#1"}
			}
		},
		{
			"from": [4.6, 0.2, 7.5],
			"to": [5.6, 1.2, 8.5],
			"rotation": {"angle": 0, "axis": "y", "origin": [3.6, 0.2, 6.5]},
			"faces": {
				"north": {"uv": [8.5, 0, 9, 0.5], "texture": "#1"},
				"east": {"uv": [8.5, 0.5, 9, 1], "texture": "#1"},
				"south": {"uv": [8.5, 1, 9, 1.5], "texture": "#1"},
				"west": {"uv": [8.5, 1.5, 9, 2], "texture": "#1"},
				"up": {"uv": [8.5, 2, 9, 2.5], "texture": "#1"},
				"down": {"uv": [8.5, 2.5, 9, 3], "texture": "#1"}
			}
		},
		{
			"from": [10.3, 0.2, 7.5],
			"to": [11.3, 1.2, 8.5],
			"rotation": {"angle": 0, "axis": "y", "origin": [9.3, 0.2, 6.5]},
			"faces": {
				"north": {"uv": [8.5, 0, 9, 0.5], "texture": "#1"},
				"east": {"uv": [8.5, 0.5, 9, 1], "texture": "#1"},
				"south": {"uv": [8.5, 1, 9, 1.5], "texture": "#1"},
				"west": {"uv": [8.5, 1.5, 9, 2], "texture": "#1"},
				"up": {"uv": [8.5, 2, 9, 2.5], "texture": "#1"},
				"down": {"uv": [8.5, 2.5, 9, 3], "texture": "#1"}
			}
		},
		{
			"from": [10.6, 2.2, 7.5],
			"to": [11.6, 3.2, 8.5],
			"rotation": {"angle": 0, "axis": "y", "origin": [9.6, 2.2, 6.5]},
			"faces": {
				"north": {"uv": [8.5, 3, 9, 3.5], "texture": "#1"},
				"east": {"uv": [8.5, 3.5, 9, 4], "texture": "#1"},
				"south": {"uv": [8.5, 4, 9, 4.5], "texture": "#1"},
				"west": {"uv": [8.5, 4.5, 9, 5], "texture": "#1"},
				"up": {"uv": [9, 5.5, 8.5, 5], "texture": "#1"},
				"down": {"uv": [9, 5.5, 8.5, 6], "texture": "#1"}
			}
		},
		{
			"from": [5.1, 7.7, 4.95],
			"to": [6.8, 8.3, 5.075],
			"shade": false,
			"rotation": {"angle": -22.5, "axis": "z", "origin": [4.8, 7.3, 4.95]},
			"faces": {
				"north": {"uv": [8.5, 6, 9.25, 6.25], "texture": "#1"},
				"east": {"uv": [2, 9, 2.25, 9.25], "texture": "#1"},
				"south": {"uv": [8.5, 6.5, 9.25, 6.75], "texture": "#1"},
				"west": {"uv": [9, 2, 9.25, 2.25], "texture": "#1"},
				"up": {"uv": [9.25, 7.25, 8.5, 7], "texture": "#1"},
				"down": {"uv": [8.75, 8.5, 8, 8.75], "texture": "#1"}
			}
		},
		{
			"from": [8.6, 7.6, 4.95],
			"to": [10.3, 8.2, 5.075],
			"shade": false,
			"rotation": {"angle": 22.5, "axis": "z", "origin": [10.6, 8.6, 4.95]},
			"faces": {
				"north": {"uv": [0, 9, 0.75, 9.25], "texture": "#1"},
				"east": {"uv": [2.5, 9, 2.75, 9.25], "texture": "#1"},
				"south": {"uv": [9, 0, 9.75, 0.25], "texture": "#1"},
				"west": {"uv": [9, 2.5, 9.25, 2.75], "texture": "#1"},
				"up": {"uv": [9.75, 0.75, 9, 0.5], "texture": "#1"},
				"down": {"uv": [1.75, 9, 1, 9.25], "texture": "#1"}
			}
		},
		{
			"from": [6, 4.1, 3],
			"to": [7, 4.6, 6],
			"rotation": {"angle": 22.5, "axis": "y", "origin": [6, 4.1, 4]},
			"faces": {
				"north": {"uv": [9, 1, 9.5, 1.25], "texture": "#1"},
				"east": {"uv": [8, 7.5, 9.5, 7.75], "texture": "#1"},
				"south": {"uv": [9, 1.5, 9.5, 1.75], "texture": "#1"},
				"west": {"uv": [8, 8, 9.5, 8.25], "texture": "#1"},
				"up": {"uv": [8.5, 7.5, 8, 6], "texture": "#1"},
				"down": {"uv": [8, 8, 7.5, 9.5], "texture": "#1"}
			}
		}
	],
	"display": {
		"thirdperson_righthand": {
			"translation": [0, 2.75, 1.5],
			"scale": [0.4, 0.4, 0.4]
		},
		"thirdperson_lefthand": {
			"rotation": [-176.62, 2.91, 178.67],
			"translation": [0, 2.75, 2],
			"scale": [0.4, 0.4, 0.4]
		},
		"firstperson_righthand": {
			"rotation": [-180, 18.25, -180],
			"translation": [0, 7.25, 0.25],
			"scale": [0.8, 0.8, 0.8]
		},
		"firstperson_lefthand": {
			"rotation": [0, 152, 0],
			"translation": [0, 6.25, 1.5],
			"scale": [0.7, 0.7, 0.7]
		}
	}
}