{
	"format_version": "1.9.0",
	"credit": "Made with Blockbench",
	"texture_size": [32, 32],
	"textures": {
		"0": "./h2",
		"particle": "./h2"
	},
	"elements": [
		{
			"from": [3.3, 0, 6.7],
			"to": [4, 2.3, 9.3],
			"rotation": {"angle": 0, "axis": "y", "origin": [7, 0, 7]},
			"faces": {
				"north": {"uv": [0.5, 5, 0.875, 6.125], "texture": "#0"},
				"east": {"uv": [0, 2, 1.25, 3.125], "texture": "#0"},
				"south": {"uv": [1, 5, 1.375, 6.125], "texture": "#0"},
				"west": {"uv": [1.5, 2, 2.75, 3.125], "texture": "#0"},
				"up": {"uv": [4.875, 3.75, 4.5, 2.5], "texture": "#0"},
				"down": {"uv": [4.875, 4, 4.5, 5.25], "texture": "#0"}
			}
		},
		{
			"from": [3.9, 2.3, 7],
			"to": [4, 5.1, 9],
			"rotation": {"angle": 0, "axis": "y", "origin": [7, 2, 7]},
			"faces": {
				"north": {"uv": [2.5, 5, 2.625, 6.375], "texture": "#0"},
				"east": {"uv": [1.5, 3.5, 2.5, 4.875], "texture": "#0"},
				"south": {"uv": [5, 2.5, 5.125, 3.875], "texture": "#0"},
				"west": {"uv": [2.5, 3.5, 3.5, 4.875], "texture": "#0"},
				"up": {"uv": [4.125, 6, 4, 5], "texture": "#0"},
				"down": {"uv": [5.125, 4, 5, 5], "texture": "#0"}
			}
		},
		{
			"from": [12, 2.3, 7],
			"to": [12.1, 5.1, 9],
			"rotation": {"angle": 0, "axis": "y", "origin": [15.1, 2, 7]},
			"faces": {
				"north": {"uv": [3, 5, 3.125, 6.375], "texture": "#0"},
				"east": {"uv": [3.5, 3.5, 4.5, 4.875], "texture": "#0"},
				"south": {"uv": [3.5, 5, 3.625, 6.375], "texture": "#0"},
				"west": {"uv": [4, 0, 5, 1.375], "texture": "#0"},
				"up": {"uv": [5.625, 1.5, 5.5, 0.5], "texture": "#0"},
				"down": {"uv": [5.625, 2.5, 5.5, 3.5], "texture": "#0"}
			}
		},
		{
			"from": [4, 5, 7],
			"to": [12, 5.1, 9],
			"rotation": {"angle": 0, "axis": "y", "origin": [7, 2, 7]},
			"faces": {
				"north": {"uv": [4, 1.5, 8, 1.625], "texture": "#0"},
				"east": {"uv": [5, 5, 6, 5.125], "texture": "#0"},
				"south": {"uv": [4.5, 2, 8.5, 2.125], "texture": "#0"},
				"west": {"uv": [5.5, 0, 6.5, 0.125], "texture": "#0"},
				"up": {"uv": [4, 1, 0, 0], "texture": "#0"},
				"down": {"uv": [4, 1, 0, 2], "texture": "#0"}
			}
		},
		{
			"from": [12, 0, 6.7],
			"to": [12.7, 2.3, 9.3],
			"rotation": {"angle": 0, "axis": "y", "origin": [7, 0, 7]},
			"faces": {
				"north": {"uv": [1.5, 5, 1.875, 6.125], "texture": "#0"},
				"east": {"uv": [3, 2, 4.25, 3.125], "texture": "#0"},
				"south": {"uv": [2, 5, 2.375, 6.125], "texture": "#0"},
				"west": {"uv": [0, 3.5, 1.25, 4.625], "texture": "#0"},
				"up": {"uv": [0.375, 6.25, 0, 5], "texture": "#0"},
				"down": {"uv": [5.375, 0, 5, 1.25], "texture": "#0"}
			}
		}
	],
	"display": {
		"thirdperson_righthand": {
			"rotation": [83.75, 0, 0],
			"translation": [0, 0.5, 6.5],
			"scale": [0.8, 0.8, 0.8]
		},
		"thirdperson_lefthand": {
			"translation": [0, 3, 0]
		},
		"firstperson_righthand": {
			"translation": [0, 8.25, 2.5]
		},
		"firstperson_lefthand": {
			"translation": [0, 8, 3.25]
		},
		"ground": {
			"rotation": [-67.71, -6.19, 9.18]
		},
		"gui": {
			"rotation": [-10.76, 20.74, 28.21],
			"translation": [-4, 8, 0],
			"scale": [1.53, 1.47656, 1]
		},
		"head": {
			"translation": [0, 11.25, 0],
			"scale": [1.6, 1.6, 1.6]
		},
		"fixed": {
			"rotation": [0, 0, 32.5],
			"translation": [-3.75, 7.25, 0],
			"scale": [1.21484, 1.36719, 1]
		}
	}
}