{
	"format_version": "1.9.0",
	"credit": "Made with Blockbench",
	"texture_size": [64, 64],
	"textures": {
		"0": "./h4",
		"particle": "./h4"
	},
	"elements": [
		{
			"from": [3, 0, 3],
			"to": [13, 3, 13],
			"rotation": {"angle": 0, "axis": "y", "origin": [7, 0, 8]},
			"faces": {
				"north": {"uv": [4.5, 0, 7, 0.75], "texture": "#0"},
				"east": {"uv": [4.5, 0.75, 7, 1.5], "texture": "#0"},
				"south": {"uv": [4.5, 1.5, 7, 2.25], "texture": "#0"},
				"west": {"uv": [4.5, 2.25, 7, 3], "texture": "#0"},
				"up": {"uv": [2.5, 2.5, 0, 0], "texture": "#0"},
				"down": {"uv": [2.5, 2.5, 0, 5], "texture": "#0"}
			}
		},
		{
			"from": [4, 3, 4],
			"to": [12, 6, 12],
			"rotation": {"angle": 0, "axis": "y", "origin": [7, 3, 8]},
			"faces": {
				"north": {"uv": [5.5, 4.25, 7.5, 5], "texture": "#0"},
				"east": {"uv": [4.5, 5.5, 6.5, 6.25], "texture": "#0"},
				"south": {"uv": [4.5, 6.25, 6.5, 7], "texture": "#0"},
				"west": {"uv": [6.5, 5, 8.5, 5.75], "texture": "#0"},
				"up": {"uv": [4.5, 2, 2.5, 0], "texture": "#0"},
				"down": {"uv": [4.5, 2, 2.5, 4], "texture": "#0"}
			}
		},
		{
			"from": [5, 3.4, 5],
			"to": [11, 8.8, 11],
			"rotation": {"angle": 45, "axis": "x", "origin": [7, 4.8, 8]},
			"faces": {
				"north": {"uv": [0, 5, 1.5, 6.25], "texture": "#0"},
				"east": {"uv": [1.5, 5.5, 3, 6.75], "texture": "#0"},
				"south": {"uv": [3, 5.5, 4.5, 6.75], "texture": "#0"},
				"west": {"uv": [5.5, 3, 7, 4.25], "texture": "#0"},
				"up": {"uv": [4, 5.5, 2.5, 4], "texture": "#0"},
				"down": {"uv": [5.5, 4, 4, 5.5], "texture": "#0"}
			}
		},
		{
			"from": [7, 4.9, 13],
			"to": [9, 6.9, 15],
			"rotation": {"angle": 0, "axis": "x", "origin": [7, 5.9, 11]},
			"faces": {
				"north": {"uv": [1.5, 5, 2, 5.5], "texture": "#0"},
				"east": {"uv": [2, 5, 2.5, 5.5], "texture": "#0"},
				"south": {"uv": [5.5, 5, 6, 5.5], "texture": "#0"},
				"west": {"uv": [6, 5, 6.5, 5.5], "texture": "#0"},
				"up": {"uv": [1.5, 6.75, 1, 6.25], "texture": "#0"},
				"down": {"uv": [4.5, 6.75, 4, 7.25], "texture": "#0"}
			}
		},
		{
			"from": [6, 4.4, 9.8],
			"to": [10, 8.4, 13.8],
			"rotation": {"angle": -22.5, "axis": "x", "origin": [7, 6.4, 9.8]},
			"faces": {
				"north": {"uv": [4.5, 3, 5.5, 4], "texture": "#0"},
				"east": {"uv": [0, 6.25, 1, 7.25], "texture": "#0"},
				"south": {"uv": [6.5, 5.75, 7.5, 6.75], "texture": "#0"},
				"west": {"uv": [1, 6.75, 2, 7.75], "texture": "#0"},
				"up": {"uv": [3, 7.75, 2, 6.75], "texture": "#0"},
				"down": {"uv": [4, 6.75, 3, 7.75], "texture": "#0"}
			}
		}
	],
	"display": {
		"thirdperson_righthand": {
			"translation": [0, 3, 1.5],
			"scale": [0.67, 0.66, 0.66]
		},
		"thirdperson_lefthand": {
			"translation": [0, 2.25, 0.25],
			"scale": [0.66, 0.66, 0.66]
		},
		"firstperson_righthand": {
			"translation": [0, 6, 1.25],
			"scale": [0.65, 0.62, 0.61]
		},
		"firstperson_lefthand": {
			"translation": [0, 5.5, 1],
			"scale": [0.64, 0.65, 0.65]
		},
		"gui": {
			"rotation": [161.62, 63.89, -149.75],
			"translation": [0.75, 3.5, 0]
		},
		"head": {
			"translation": [0, 13.25, 0],
			"scale": [1.31, 1.31, 1.31]
		},
		"fixed": {
			"rotation": [0, 0, 25],
			"translation": [-1.25, 3.25, 0]
		}
	}
}