{
	"format_version": "1.9.0",
	"credit": "Made with Blockbench",
	"textures": {
		"1": "./n4"
	},
	"elements": [
		{
			"from": [7.4, 0, 7.4],
			"to": [8.6, 1, 8.6],
			"rotation": {"angle": 0, "axis": "y", "origin": [7, 0, 7]},
			"faces": {
				"north": {"uv": [8, 0, 9, 1], "texture": "#1"},
				"east": {"uv": [8, 1, 9, 2], "texture": "#1"},
				"south": {"uv": [8, 2, 9, 3], "texture": "#1"},
				"west": {"uv": [8, 3, 9, 4], "texture": "#1"},
				"up": {"uv": [10, 9, 9, 8], "texture": "#1"},
				"down": {"uv": [10, 9, 9, 10], "texture": "#1"}
			}
		},
		{
			"from": [7.6, 1, 7.6],
			"to": [8.4, 5, 8.4],
			"rotation": {"angle": 0, "axis": "y", "origin": [7, 1, 7]},
			"faces": {
				"north": {"uv": [4, 0, 5, 4], "texture": "#1"},
				"east": {"uv": [4, 4, 5, 8], "texture": "#1"},
				"south": {"uv": [5, 0, 6, 4], "texture": "#1"},
				"west": {"uv": [5, 4, 6, 8], "texture": "#1"},
				"up": {"uv": [11, 1, 10, 0], "texture": "#1"},
				"down": {"uv": [11, 1, 10, 2], "texture": "#1"}
			}
		},
		{
			"from": [6.6, 5, 7.7],
			"to": [9.4, 6, 8.3],
			"rotation": {"angle": 0, "axis": "y", "origin": [7, 2, 7]},
			"faces": {
				"north": {"uv": [6, 4, 9, 5], "texture": "#1"},
				"east": {"uv": [8, 11, 8.5, 12], "texture": "#1"},
				"south": {"uv": [6, 5, 9, 6], "texture": "#1"},
				"west": {"uv": [11, 10, 11.5, 11], "texture": "#1"},
				"up": {"uv": [12, 5.5, 9, 5], "texture": "#1"},
				"down": {"uv": [12, 6, 9, 6.5], "texture": "#1"}
			}
		},
		{
			"from": [7.1, 6, 7.95],
			"to": [8.9, 8, 8.025],
			"rotation": {"angle": 0, "axis": "y", "origin": [7, 3, 7]},
			"faces": {
				"north": {"uv": [6, 0, 8, 2], "texture": "#1"},
				"east": {"uv": [6, 11, 6.5, 13], "texture": "#1"},
				"south": {"uv": [6, 2, 8, 4], "texture": "#1"},
				"west": {"uv": [7, 11, 7.5, 13], "texture": "#1"},
				"up": {"uv": [12, 4.5, 10, 4], "texture": "#1"},
				"down": {"uv": [13, 7, 11, 7.5], "texture": "#1"}
			}
		},
		{
			"from": [7.2, 8, 7.975],
			"to": [7.85, 12.325, 8],
			"rotation": {"angle": 0, "axis": "y", "origin": [7, 4, 7]},
			"faces": {
				"north": {"uv": [6, 6, 6.5, 10.5], "texture": "#1"},
				"east": {"uv": [7, 6, 7.5, 10.5], "texture": "#1"},
				"south": {"uv": [4, 8, 4.5, 12.5], "texture": "#1"},
				"west": {"uv": [5, 8, 5.5, 12.5], "texture": "#1"},
				"up": {"uv": [12.5, 5.5, 12, 5], "texture": "#1"},
				"down": {"uv": [12.5, 6, 12, 6.5], "texture": "#1"}
			}
		},
		{
			"from": [7.3, 12.325, 7.975],
			"to": [7.525, 17, 8],
			"rotation": {"angle": 0, "axis": "y", "origin": [7, 4, 7]},
			"faces": {
				"north": {"uv": [8, 6, 8.5, 10.5], "texture": "#1"},
				"east": {"uv": [0, 9, 0.5, 13.5], "texture": "#1"},
				"south": {"uv": [9, 0, 9.5, 4.5], "texture": "#1"},
				"west": {"uv": [1, 9, 1.5, 13.5], "texture": "#1"},
				"up": {"uv": [8.5, 12.5, 8, 12], "texture": "#1"},
				"down": {"uv": [9.5, 12, 9, 12.5], "texture": "#1"}
			}
		},
		{
			"from": [7.85, 8, 7.975],
			"to": [8.8, 17, 8],
			"rotation": {"angle": 0, "axis": "y", "origin": [7, 4, 7]},
			"faces": {
				"north": {"uv": [0, 0, 1, 9], "texture": "#1"},
				"east": {"uv": [2, 0, 2.5, 9], "texture": "#1"},
				"south": {"uv": [1, 0, 2, 9], "texture": "#1"},
				"west": {"uv": [3, 0, 3.5, 9], "texture": "#1"},
				"up": {"uv": [13, 1.5, 12, 1], "texture": "#1"},
				"down": {"uv": [3, 12, 2, 12.5], "texture": "#1"}
			}
		},
		{
			"from": [7.2, 17, 7.975],
			"to": [8.8, 18, 8],
			"rotation": {"angle": 0, "axis": "y", "origin": [7, 4, 7]},
			"faces": {
				"north": {"uv": [2, 9, 3.5, 10], "texture": "#1"},
				"east": {"uv": [11, 11, 11.5, 12], "texture": "#1"},
				"south": {"uv": [9, 7, 10.5, 8], "texture": "#1"},
				"west": {"uv": [12, 0, 12.5, 1], "texture": "#1"},
				"up": {"uv": [12.5, 8.5, 11, 8], "texture": "#1"},
				"down": {"uv": [12.5, 9, 11, 9.5], "texture": "#1"}
			}
		},
		{
			"from": [8.3, 3.4, 7.8],
			"to": [8.8, 5.5, 8.2],
			"rotation": {"angle": 22.5, "axis": "z", "origin": [8.7, 1.5, 7]},
			"faces": {
				"north": {"uv": [2, 10, 2.5, 12], "texture": "#1"},
				"east": {"uv": [10, 2, 10.5, 4], "texture": "#1"},
				"south": {"uv": [3, 10, 3.5, 12], "texture": "#1"},
				"west": {"uv": [10, 8, 10.5, 10], "texture": "#1"},
				"up": {"uv": [12.5, 2.5, 12, 2], "texture": "#1"},
				"down": {"uv": [3.5, 12, 3, 12.5], "texture": "#1"}
			}
		},
		{
			"from": [7.2, 3.3, 7.8],
			"to": [7.7, 5.4, 8.2],
			"rotation": {"angle": -22.5, "axis": "z", "origin": [7.6, 1.4, 7]},
			"faces": {
				"north": {"uv": [9, 10, 9.5, 12], "texture": "#1"},
				"east": {"uv": [10, 10, 10.5, 12], "texture": "#1"},
				"south": {"uv": [11, 0, 11.5, 2], "texture": "#1"},
				"west": {"uv": [11, 2, 11.5, 4], "texture": "#1"},
				"up": {"uv": [12.5, 3.5, 12, 3], "texture": "#1"},
				"down": {"uv": [12.5, 4, 12, 4.5], "texture": "#1"}
			}
		}
	],
	"display": {
		"thirdperson_righthand": {
			"rotation": [0, 90, 0],
			"translation": [0, 3.5, 0.75]
		},
		"thirdperson_lefthand": {
			"rotation": [180, -90, 0],
			"translation": [0, -7, 1]
		},
		"firstperson_righthand": {
			"rotation": [0, 88.25, 0],
			"translation": [0, 4.25, 3.75],
			"scale": [0.81, 0.81, 0.79]
		},
		"firstperson_lefthand": {
			"rotation": [-177.04, -63, 19.26],
			"translation": [0, -0.25, 3.75]
		},
		"ground": {
			"rotation": [-1.31, -1.39, 91.75]
		},
		"gui": {
			"rotation": [0, 0, -42.5],
			"translation": [-1, -0.25, 0]
		},
		"head": {
			"translation": [0, 14.75, 0]
		},
		"fixed": {
			"rotation": [-180, 0, 130.25]
		}
	}
}