{
	"format_version": "1.9.0",
	"credit": "Made with Blockbench",
	"texture_size": [32, 32],
	"textures": {
		"1": "./n1"
	},
	"elements": [
		{
			"from": [7.6, 0.1, 7],
			"to": [8.5, 14.1, 8],
			"rotation": {"angle": 0, "axis": "y", "origin": [7, -3.9, 7]},
			"faces": {
				"north": {"uv": [0, 0, 0.5, 7], "texture": "#1"},
				"east": {"uv": [0.5, 0, 1, 7], "texture": "#1"},
				"south": {"uv": [1, 0, 1.5, 7], "texture": "#1"},
				"west": {"uv": [1.5, 0, 2, 7], "texture": "#1"},
				"up": {"uv": [6.5, 2, 6, 1.5], "texture": "#1"},
				"down": {"uv": [6.5, 2, 6, 2.5], "texture": "#1"}
			}
		},
		{
			"from": [7.5, 11.1, 6.9],
			"to": [8.6, 13.1, 8.1],
			"rotation": {"angle": 0, "axis": "y", "origin": [7, 11.1, 6]},
			"faces": {
				"north": {"uv": [3, 1, 3.5, 2], "texture": "#1"},
				"east": {"uv": [2, 3, 2.5, 4], "texture": "#1"},
				"south": {"uv": [3, 2, 3.5, 3], "texture": "#1"},
				"west": {"uv": [2.5, 3, 3, 4], "texture": "#1"},
				"up": {"uv": [6.5, 3, 6, 2.5], "texture": "#1"},
				"down": {"uv": [6.5, 3, 6, 3.5], "texture": "#1"}
			}
		},
		{
			"from": [7.9, 11.1, 5.7],
			"to": [8.2, 13.1, 6.9],
			"rotation": {"angle": 0, "axis": "y", "origin": [7, 11.1, 4.8]},
			"faces": {
				"north": {"uv": [6, 3.5, 6.25, 4.5], "texture": "#1"},
				"east": {"uv": [3, 3, 3.5, 4], "texture": "#1"},
				"south": {"uv": [4, 6, 4.25, 7], "texture": "#1"},
				"west": {"uv": [3.5, 1, 4, 2], "texture": "#1"},
				"up": {"uv": [4.75, 7.5, 4.5, 7], "texture": "#1"},
				"down": {"uv": [7.25, 4.5, 7, 5], "texture": "#1"}
			}
		},
		{
			"from": [7.9, 11.1, 8.1],
			"to": [8.2, 13.1, 8.7],
			"rotation": {"angle": 0, "axis": "y", "origin": [7, 11.1, 7.2]},
			"faces": {
				"north": {"uv": [6, 6.5, 6.25, 7.5], "texture": "#1"},
				"east": {"uv": [6.5, 6, 6.75, 7], "texture": "#1"},
				"south": {"uv": [0, 7, 0.25, 8], "texture": "#1"},
				"west": {"uv": [7, 0, 7.25, 1], "texture": "#1"},
				"up": {"uv": [3.25, 8.25, 3, 8], "texture": "#1"},
				"down": {"uv": [8.25, 3, 8, 3.25], "texture": "#1"}
			}
		},
		{
			"from": [8, 11.5, 9],
			"to": [8.1, 13.1, 10.1],
			"rotation": {"angle": -22.5, "axis": "x", "origin": [7, 11.1, 8.6]},
			"faces": {
				"north": {"uv": [2.5, 7, 2.75, 7.75], "texture": "#1"},
				"east": {"uv": [4.5, 4.5, 5, 5.25], "texture": "#1"},
				"south": {"uv": [7, 2.5, 7.25, 3.25], "texture": "#1"},
				"west": {"uv": [5, 0, 5.5, 0.75], "texture": "#1"},
				"up": {"uv": [7.75, 2.5, 7.5, 2], "texture": "#1"},
				"down": {"uv": [7.75, 2.5, 7.5, 3], "texture": "#1"}
			}
		},
		{
			"from": [8, 11.2, 7.8],
			"to": [8.1, 12.9, 9.075],
			"rotation": {"angle": 22.5, "axis": "x", "origin": [7, 10.6, 7.4]},
			"faces": {
				"north": {"uv": [3, 7, 3.25, 7.75], "texture": "#1"},
				"east": {"uv": [2, 2, 2.75, 2.75], "texture": "#1"},
				"south": {"uv": [3.5, 7, 3.75, 7.75], "texture": "#1"},
				"west": {"uv": [3, 0, 3.75, 0.75], "texture": "#1"},
				"up": {"uv": [7.25, 4.25, 7, 3.5], "texture": "#1"},
				"down": {"uv": [4.25, 7, 4, 7.75], "texture": "#1"}
			}
		},
		{
			"from": [8, 9.45, 3.2125],
			"to": [8.1, 11.45, 4.4125],
			"rotation": {"angle": 0, "axis": "y", "origin": [7, 9.5, 2.35]},
			"faces": {
				"north": {"uv": [6.5, 1, 6.75, 2], "texture": "#1"},
				"east": {"uv": [3.5, 2, 4, 3], "texture": "#1"},
				"south": {"uv": [2, 6.5, 2.25, 7.5], "texture": "#1"},
				"west": {"uv": [3.5, 3, 4, 4], "texture": "#1"},
				"up": {"uv": [5.25, 7.5, 5, 7], "texture": "#1"},
				"down": {"uv": [7.25, 5, 7, 5.5], "texture": "#1"}
			}
		},
		{
			"from": [8, 8.15, 4.5125],
			"to": [8.1, 9.15, 5.1125],
			"rotation": {"angle": 0, "axis": "x", "origin": [7, 8.2, 3.05]},
			"faces": {
				"north": {"uv": [5.5, 7, 5.75, 7.5], "texture": "#1"},
				"east": {"uv": [7, 5.5, 7.25, 6], "texture": "#1"},
				"south": {"uv": [7, 6, 7.25, 6.5], "texture": "#1"},
				"west": {"uv": [6.5, 7, 6.75, 7.5], "texture": "#1"},
				"up": {"uv": [2.25, 8.25, 2, 8], "texture": "#1"},
				"down": {"uv": [8.25, 2, 8, 2.25], "texture": "#1"}
			}
		},
		{
			"from": [8, 8.345, 4.655],
			"to": [8.1, 9.345, 5.255],
			"rotation": {"angle": -22.5, "axis": "x", "origin": [7, 8.4, 3.15]},
			"faces": {
				"north": {"uv": [7.5, 0, 7.75, 0.5], "texture": "#1"},
				"east": {"uv": [0.5, 7.5, 0.75, 8], "texture": "#1"},
				"south": {"uv": [7.5, 0.5, 7.75, 1], "texture": "#1"},
				"west": {"uv": [1, 7.5, 1.25, 8], "texture": "#1"},
				"up": {"uv": [2.75, 8.25, 2.5, 8], "texture": "#1"},
				"down": {"uv": [8.25, 2.5, 8, 2.75], "texture": "#1"}
			}
		},
		{
			"from": [8, 11.245, 4.255],
			"to": [8.1, 13.045, 5.155],
			"rotation": {"angle": 45, "axis": "x", "origin": [7, 11.3, 3.05]},
			"faces": {
				"north": {"uv": [6.5, 4, 6.75, 5], "texture": "#1"},
				"east": {"uv": [2, 4, 2.5, 5], "texture": "#1"},
				"south": {"uv": [6.5, 5, 6.75, 6], "texture": "#1"},
				"west": {"uv": [4, 2, 4.5, 3], "texture": "#1"},
				"up": {"uv": [7.75, 2, 7.5, 1.5], "texture": "#1"},
				"down": {"uv": [2.25, 7.5, 2, 8], "texture": "#1"}
			}
		},
		{
			"from": [8, 7.35, 4.0125],
			"to": [8.1, 9.35, 5.2125],
			"rotation": {"angle": -22.5, "axis": "x", "origin": [7, 7.4, 3.15]},
			"faces": {
				"north": {"uv": [6.5, 2, 6.75, 3], "texture": "#1"},
				"east": {"uv": [4, 0, 4.5, 1], "texture": "#1"},
				"south": {"uv": [6.5, 3, 6.75, 4], "texture": "#1"},
				"west": {"uv": [4, 1, 4.5, 2], "texture": "#1"},
				"up": {"uv": [7.25, 7, 7, 6.5], "texture": "#1"},
				"down": {"uv": [7.25, 7, 7, 7.5], "texture": "#1"}
			}
		},
		{
			"from": [8, 11.6, 4],
			"to": [8.1, 13.6, 5.9],
			"rotation": {"angle": 22.5, "axis": "x", "origin": [7, 11.6, 4.2]},
			"faces": {
				"north": {"uv": [6, 4.5, 6.25, 5.5], "texture": "#1"},
				"east": {"uv": [2, 0, 3, 1], "texture": "#1"},
				"south": {"uv": [5.5, 6, 5.75, 7], "texture": "#1"},
				"west": {"uv": [2, 1, 3, 2], "texture": "#1"},
				"up": {"uv": [6.25, 6.5, 6, 5.5], "texture": "#1"},
				"down": {"uv": [6.75, 0, 6.5, 1], "texture": "#1"}
			}
		},
		{
			"from": [8, 14.4, 2.9],
			"to": [8.1, 14.5, 3.1],
			"rotation": {"angle": 45, "axis": "x", "origin": [7, 12.5, 3.1]},
			"faces": {
				"north": {"uv": [7.5, 3, 7.75, 3.25], "texture": "#1"},
				"east": {"uv": [7.5, 3.5, 7.75, 3.75], "texture": "#1"},
				"south": {"uv": [7.5, 4, 7.75, 4.25], "texture": "#1"},
				"west": {"uv": [4.5, 7.5, 4.75, 7.75], "texture": "#1"},
				"up": {"uv": [7.75, 4.75, 7.5, 4.5], "texture": "#1"},
				"down": {"uv": [5.25, 7.5, 5, 7.75], "texture": "#1"}
			}
		},
		{
			"from": [8, 11.3, 3.5],
			"to": [8.1, 14.1, 3.6],
			"rotation": {"angle": 22.5, "axis": "x", "origin": [7, 12.1, 3.7]},
			"faces": {
				"north": {"uv": [2.5, 4, 2.75, 5.5], "texture": "#1"},
				"east": {"uv": [3, 4, 3.25, 5.5], "texture": "#1"},
				"south": {"uv": [4, 3, 4.25, 4.5], "texture": "#1"},
				"west": {"uv": [3.5, 4, 3.75, 5.5], "texture": "#1"},
				"up": {"uv": [7.75, 5.25, 7.5, 5], "texture": "#1"},
				"down": {"uv": [5.75, 7.5, 5.5, 7.75], "texture": "#1"}
			}
		},
		{
			"from": [8, 11.3, 3.6],
			"to": [8.1, 14.05, 3.8],
			"rotation": {"angle": 22.5, "axis": "x", "origin": [7, 12.1, 3.7]},
			"faces": {
				"north": {"uv": [4.5, 0, 4.75, 1.5], "texture": "#1"},
				"east": {"uv": [4.5, 1.5, 4.75, 3], "texture": "#1"},
				"south": {"uv": [4.5, 3, 4.75, 4.5], "texture": "#1"},
				"west": {"uv": [4, 4.5, 4.25, 6], "texture": "#1"},
				"up": {"uv": [1.25, 8.25, 1, 8], "texture": "#1"},
				"down": {"uv": [8.25, 1, 8, 1.25], "texture": "#1"}
			}
		},
		{
			"from": [8, 11.3, 3.8],
			"to": [8.1, 13.97, 4],
			"rotation": {"angle": 22.5, "axis": "x", "origin": [7, 12.1, 3.7]},
			"faces": {
				"north": {"uv": [5.5, 0, 5.75, 1.25], "texture": "#1"},
				"east": {"uv": [5.5, 1.5, 5.75, 2.75], "texture": "#1"},
				"south": {"uv": [2.5, 5.5, 2.75, 6.75], "texture": "#1"},
				"west": {"uv": [3, 5.5, 3.25, 6.75], "texture": "#1"},
				"up": {"uv": [0.75, 8.25, 0.5, 8], "texture": "#1"},
				"down": {"uv": [8.25, 0.5, 8, 0.75], "texture": "#1"}
			}
		},
		{
			"from": [8, 11.3, 4],
			"to": [8.1, 13.9, 4.1],
			"rotation": {"angle": 22.5, "axis": "x", "origin": [7, 12.1, 3.7]},
			"faces": {
				"north": {"uv": [5.5, 3, 5.75, 4.25], "texture": "#1"},
				"east": {"uv": [3.5, 5.5, 3.75, 6.75], "texture": "#1"},
				"south": {"uv": [4.5, 5.5, 4.75, 6.75], "texture": "#1"},
				"west": {"uv": [5.5, 4.5, 5.75, 5.75], "texture": "#1"},
				"up": {"uv": [1.75, 8.25, 1.5, 8], "texture": "#1"},
				"down": {"uv": [8.25, 1.5, 8, 1.75], "texture": "#1"}
			}
		},
		{
			"from": [8, 11.3, 4.1],
			"to": [8.1, 13.9, 4.2],
			"rotation": {"angle": 22.5, "axis": "x", "origin": [7, 12.1, 3.7]},
			"faces": {
				"north": {"uv": [5.5, 3, 5.75, 4.25], "texture": "#1"},
				"east": {"uv": [5, 5.5, 5.25, 6.75], "texture": "#1"},
				"south": {"uv": [4.5, 5.5, 4.75, 6.75], "texture": "#1"},
				"west": {"uv": [6, 0, 6.25, 1.25], "texture": "#1"},
				"up": {"uv": [3.75, 8.25, 3.5, 8], "texture": "#1"},
				"down": {"uv": [8.25, 3.5, 8, 3.75], "texture": "#1"}
			}
		},
		{
			"from": [8, 14.4, 3.1],
			"to": [8.1, 14.5, 4.8],
			"rotation": {"angle": 45, "axis": "x", "origin": [7, 12.5, 3.1]},
			"faces": {
				"north": {"uv": [0, 8, 0.25, 8.25], "texture": "#1"},
				"east": {"uv": [0.5, 7, 1.25, 7.25], "texture": "#1"},
				"south": {"uv": [8, 0, 8.25, 0.25], "texture": "#1"},
				"west": {"uv": [7, 1, 7.75, 1.25], "texture": "#1"},
				"up": {"uv": [1.75, 7.75, 1.5, 7], "texture": "#1"},
				"down": {"uv": [7.25, 1.5, 7, 2.25], "texture": "#1"}
			}
		},
		{
			"from": [8, 11.3, 4.2],
			"to": [8.1, 13.6, 4.9],
			"rotation": {"angle": 22.5, "axis": "x", "origin": [7, 12.1, 3.7]},
			"faces": {
				"north": {"uv": [5, 1, 5.25, 2.25], "texture": "#1"},
				"east": {"uv": [2, 5, 2.25, 6.25], "texture": "#1"},
				"south": {"uv": [5, 2.5, 5.25, 3.75], "texture": "#1"},
				"west": {"uv": [5, 4, 5.25, 5.25], "texture": "#1"},
				"up": {"uv": [7.75, 5.75, 7.5, 5.5], "texture": "#1"},
				"down": {"uv": [6.25, 7.5, 6, 7.75], "texture": "#1"}
			}
		},
		{
			"from": [8, 11.3, 4.9],
			"to": [8.1, 11.9, 5.4],
			"rotation": {"angle": 22.5, "axis": "x", "origin": [7, 12.1, 3.7]},
			"faces": {
				"north": {"uv": [7.5, 6, 7.75, 6.25], "texture": "#1"},
				"east": {"uv": [6.5, 7.5, 6.75, 7.75], "texture": "#1"},
				"south": {"uv": [7.5, 6.5, 7.75, 6.75], "texture": "#1"},
				"west": {"uv": [7, 7.5, 7.25, 7.75], "texture": "#1"},
				"up": {"uv": [7.75, 7.25, 7.5, 7], "texture": "#1"},
				"down": {"uv": [7.75, 7.5, 7.5, 7.75], "texture": "#1"}
			}
		}
	],
	"display": {
		"thirdperson_righthand": {
			"translation": [0, 1, 1]
		},
		"thirdperson_lefthand": {
			"translation": [0, 0, 1.5]
		},
		"firstperson_righthand": {
			"translation": [0, 4.75, 3.5]
		},
		"firstperson_lefthand": {
			"translation": [1.75, 4.75, 1.75]
		},
		"ground": {
			"rotation": [-61.13, 3.1, 86.78],
			"translation": [-1.5, 1.25, 2.25]
		},
		"gui": {
			"rotation": [-94.19, -41.91, -103.47],
			"translation": [-0.5, 0.75, 0]
		},
		"head": {
			"rotation": [-62.5, 0, 0],
			"translation": [0, -23.5, -7]
		},
		"fixed": {
			"rotation": [-85.75, 43.56, 85.68],
			"translation": [0, 0, 0.75]
		}
	}
}