{
	"format_version": "1.9.0",
	"credit": "Made with Blockbench",
	"texture_size": [32, 32],
	"textures": {
		"0": "./n3",
		"particle": "./n3"
	},
	"elements": [
		{
			"from": [7.7, 0.1, 7],
			"to": [8.4, 14.1, 7.8],
			"rotation": {"angle": 0, "axis": "y", "origin": [7, -3.9, 7]},
			"faces": {
				"north": {"uv": [0, 0, 0.5, 7], "texture": "#0"},
				"east": {"uv": [0.5, 0, 1, 7], "texture": "#0"},
				"south": {"uv": [1, 0, 1.5, 7], "texture": "#0"},
				"west": {"uv": [1.5, 0, 2, 7], "texture": "#0"},
				"up": {"uv": [5, 0.5, 4.5, 0], "texture": "#0"},
				"down": {"uv": [5, 0.5, 4.5, 1], "texture": "#0"}
			}
		},
		{
			"from": [7.6, 11.1, 6.9],
			"to": [8.5, 13.1, 7.9],
			"rotation": {"angle": 0, "axis": "y", "origin": [7, 11.1, 6]},
			"faces": {
				"north": {"uv": [3, 3, 3.5, 4], "texture": "#0"},
				"east": {"uv": [3.5, 3, 4, 4], "texture": "#0"},
				"south": {"uv": [4, 0, 4.5, 1], "texture": "#0"},
				"west": {"uv": [4, 1, 4.5, 2], "texture": "#0"},
				"up": {"uv": [5, 1.5, 4.5, 1], "texture": "#0"},
				"down": {"uv": [5, 1.5, 4.5, 2], "texture": "#0"}
			}
		},
		{
			"from": [7.9, 11.1, 5.7],
			"to": [8.2, 13.1, 6.9],
			"rotation": {"angle": 0, "axis": "y", "origin": [7, 11.1, 4.8]},
			"faces": {
				"north": {"uv": [4.5, 2, 4.75, 3], "texture": "#0"},
				"east": {"uv": [2, 4, 2.5, 5], "texture": "#0"},
				"south": {"uv": [4.5, 3, 4.75, 4], "texture": "#0"},
				"west": {"uv": [4, 2, 4.5, 3], "texture": "#0"},
				"up": {"uv": [3.75, 9, 3.5, 8.5], "texture": "#0"},
				"down": {"uv": [4.25, 8.5, 4, 9], "texture": "#0"}
			}
		},
		{
			"from": [7.9, 11.1, 7.9],
			"to": [8.2, 13.1, 8.5],
			"rotation": {"angle": 0, "axis": "y", "origin": [7, 11.1, 7]},
			"faces": {
				"north": {"uv": [4, 4.5, 4.25, 5.5], "texture": "#0"},
				"east": {"uv": [4.5, 4, 4.75, 5], "texture": "#0"},
				"south": {"uv": [5, 0, 5.25, 1], "texture": "#0"},
				"west": {"uv": [5, 1, 5.25, 2], "texture": "#0"},
				"up": {"uv": [1.25, 9.25, 1, 9], "texture": "#0"},
				"down": {"uv": [9.25, 1, 9, 1.25], "texture": "#0"}
			}
		},
		{
			"from": [7.999, 11.5, 8.8],
			"to": [8.101, 13.1, 9.9],
			"rotation": {"angle": -22.5, "axis": "x", "origin": [7, 11.1, 8.4]},
			"faces": {
				"north": {"uv": [0.5, 8, 0.75, 8.75], "texture": "#0"},
				"east": {"uv": [2.5, 4, 3, 4.75], "texture": "#0"},
				"south": {"uv": [8, 0.5, 8.25, 1.25], "texture": "#0"},
				"west": {"uv": [3, 4, 3.5, 4.75], "texture": "#0"},
				"up": {"uv": [8.75, 4.5, 8.5, 4], "texture": "#0"},
				"down": {"uv": [8.75, 4.5, 8.5, 5], "texture": "#0"}
			}
		},
		{
			"from": [8, 11.2, 7.6],
			"to": [8.1, 12.9, 8.875],
			"rotation": {"angle": 22.5, "axis": "x", "origin": [7, 10.6, 7.2]},
			"faces": {
				"north": {"uv": [1, 8, 1.25, 8.75], "texture": "#0"},
				"east": {"uv": [2, 3, 2.75, 3.75], "texture": "#0"},
				"south": {"uv": [1.5, 8, 1.75, 8.75], "texture": "#0"},
				"west": {"uv": [3, 2, 3.75, 2.75], "texture": "#0"},
				"up": {"uv": [8.25, 2.25, 8, 1.5], "texture": "#0"},
				"down": {"uv": [2.25, 8, 2, 8.75], "texture": "#0"}
			}
		},
		{
			"from": [7.999, 9.9, 3.4125],
			"to": [8.101, 11.45, 5.1875],
			"rotation": {"angle": 0, "axis": "y", "origin": [7, 9.5, 2.55]},
			"faces": {
				"north": {"uv": [2, 5, 2.25, 6], "texture": "#0"},
				"east": {"uv": [3, 0, 4, 1], "texture": "#0"},
				"south": {"uv": [5, 2, 5.25, 3], "texture": "#0"},
				"west": {"uv": [3, 1, 4, 2], "texture": "#0"},
				"up": {"uv": [2.75, 6, 2.5, 5], "texture": "#0"},
				"down": {"uv": [3.25, 5, 3, 6], "texture": "#0"}
			}
		},
		{
			"from": [7.999, 8.725, 4.1125],
			"to": [8.101, 9.9, 4.7625],
			"rotation": {"angle": 0, "axis": "y", "origin": [7, 7.9, 2.55]},
			"faces": {
				"north": {"uv": [8.5, 8.5, 8.75, 9], "texture": "#0"},
				"east": {"uv": [9, 0, 9.25, 0.5], "texture": "#0"},
				"south": {"uv": [0.5, 9, 0.75, 9.5], "texture": "#0"},
				"west": {"uv": [9, 0.5, 9.25, 1], "texture": "#0"},
				"up": {"uv": [8.75, 10.25, 8.5, 10], "texture": "#0"},
				"down": {"uv": [10.25, 8.5, 10, 8.75], "texture": "#0"}
			}
		},
		{
			"from": [7.999, 9.3125, 5],
			"to": [8.101, 9.3625, 5.675],
			"rotation": {"angle": -45, "axis": "x", "origin": [7, 7.75, 6]},
			"faces": {
				"north": {"uv": [9.5, 7.5, 9.75, 7.75], "texture": "#0"},
				"east": {"uv": [8, 9.5, 8.25, 9.75], "texture": "#0"},
				"south": {"uv": [9.5, 8, 9.75, 8.25], "texture": "#0"},
				"west": {"uv": [8.5, 9.5, 8.75, 9.75], "texture": "#0"},
				"up": {"uv": [9.75, 8.75, 9.5, 8.5], "texture": "#0"},
				"down": {"uv": [9.25, 9.5, 9, 9.75], "texture": "#0"}
			}
		},
		{
			"from": [7.999, 9.3125, 5.675],
			"to": [8.101, 9.4625, 5.825],
			"rotation": {"angle": -45, "axis": "x", "origin": [7, 7.75, 6]},
			"faces": {
				"north": {"uv": [9, 10, 9.25, 10.25], "texture": "#0"},
				"east": {"uv": [10, 9, 10.25, 9.25], "texture": "#0"},
				"south": {"uv": [9.5, 10, 9.75, 10.25], "texture": "#0"},
				"west": {"uv": [10, 9.5, 10.25, 9.75], "texture": "#0"},
				"up": {"uv": [10.25, 10.25, 10, 10], "texture": "#0"},
				"down": {"uv": [0.25, 10.5, 0, 10.75], "texture": "#0"}
			}
		},
		{
			"from": [8, 7.8, 4.2125],
			"to": [8.1, 9.75, 4.2375],
			"rotation": {"angle": -22.5, "axis": "x", "origin": [7, 7.8, 3.35]},
			"faces": {
				"north": {"uv": [5, 3, 5.25, 4], "texture": "#0"},
				"east": {"uv": [5, 4, 5.25, 5], "texture": "#0"},
				"south": {"uv": [4.5, 5, 4.75, 6], "texture": "#0"},
				"west": {"uv": [5, 5, 5.25, 6], "texture": "#0"},
				"up": {"uv": [1.75, 9.25, 1.5, 9], "texture": "#0"},
				"down": {"uv": [9.25, 1.5, 9, 1.75], "texture": "#0"}
			}
		},
		{
			"from": [8, 7.8, 4.2375],
			"to": [8.1, 9.75, 4.2625],
			"rotation": {"angle": -22.5, "axis": "x", "origin": [7, 7.8, 3.35]},
			"faces": {
				"north": {"uv": [5.5, 2, 5.75, 3], "texture": "#0"},
				"east": {"uv": [5.5, 3, 5.75, 4], "texture": "#0"},
				"south": {"uv": [3.5, 5.5, 3.75, 6.5], "texture": "#0"},
				"west": {"uv": [4, 5.5, 4.25, 6.5], "texture": "#0"},
				"up": {"uv": [9.75, 9.25, 9.5, 9], "texture": "#0"},
				"down": {"uv": [9.75, 9.5, 9.5, 9.75], "texture": "#0"}
			}
		},
		{
			"from": [8, 7.825, 4.2625],
			"to": [8.1, 9.75, 4.2875],
			"rotation": {"angle": -22.5, "axis": "x", "origin": [7, 7.8, 3.35]},
			"faces": {
				"north": {"uv": [5.5, 4, 5.75, 5], "texture": "#0"},
				"east": {"uv": [5.5, 5, 5.75, 6], "texture": "#0"},
				"south": {"uv": [6, 0, 6.25, 1], "texture": "#0"},
				"west": {"uv": [6, 1, 6.25, 2], "texture": "#0"},
				"up": {"uv": [0.25, 10.25, 0, 10], "texture": "#0"},
				"down": {"uv": [10.25, 0, 10, 0.25], "texture": "#0"}
			}
		},
		{
			"from": [8, 7.85, 4.2875],
			"to": [8.1, 9.75, 4.3125],
			"rotation": {"angle": -22.5, "axis": "x", "origin": [7, 7.8, 3.35]},
			"faces": {
				"north": {"uv": [2, 6, 2.25, 7], "texture": "#0"},
				"east": {"uv": [6, 2, 6.25, 3], "texture": "#0"},
				"south": {"uv": [2.5, 6, 2.75, 7], "texture": "#0"},
				"west": {"uv": [3, 6, 3.25, 7], "texture": "#0"},
				"up": {"uv": [0.75, 10.25, 0.5, 10], "texture": "#0"},
				"down": {"uv": [10.25, 0.5, 10, 0.75], "texture": "#0"}
			}
		},
		{
			"from": [8, 7.85, 4.3375],
			"to": [8.1, 9.75, 4.3625],
			"rotation": {"angle": -22.5, "axis": "x", "origin": [7, 7.8, 3.35]},
			"faces": {
				"north": {"uv": [6, 3, 6.25, 4], "texture": "#0"},
				"east": {"uv": [6, 4, 6.25, 5], "texture": "#0"},
				"south": {"uv": [4.5, 6, 4.75, 7], "texture": "#0"},
				"west": {"uv": [5, 6, 5.25, 7], "texture": "#0"},
				"up": {"uv": [1.25, 10.25, 1, 10], "texture": "#0"},
				"down": {"uv": [10.25, 1, 10, 1.25], "texture": "#0"}
			}
		},
		{
			"from": [8, 7.875, 4.3125],
			"to": [8.1, 9.75, 4.3375],
			"rotation": {"angle": -22.5, "axis": "x", "origin": [7, 7.8, 3.35]},
			"faces": {
				"north": {"uv": [6, 5, 6.25, 6], "texture": "#0"},
				"east": {"uv": [5.5, 6, 5.75, 7], "texture": "#0"},
				"south": {"uv": [6, 6, 6.25, 7], "texture": "#0"},
				"west": {"uv": [6.5, 0, 6.75, 1], "texture": "#0"},
				"up": {"uv": [1.75, 10.25, 1.5, 10], "texture": "#0"},
				"down": {"uv": [10.25, 1.5, 10, 1.75], "texture": "#0"}
			}
		},
		{
			"from": [8, 7.9, 4.3625],
			"to": [8.1, 9.75, 4.3875],
			"rotation": {"angle": -22.5, "axis": "x", "origin": [7, 7.8, 3.35]},
			"faces": {
				"north": {"uv": [6.5, 1, 6.75, 2], "texture": "#0"},
				"east": {"uv": [6.5, 2, 6.75, 3], "texture": "#0"},
				"south": {"uv": [6.5, 3, 6.75, 4], "texture": "#0"},
				"west": {"uv": [3.5, 6.5, 3.75, 7.5], "texture": "#0"},
				"up": {"uv": [2.25, 10.25, 2, 10], "texture": "#0"},
				"down": {"uv": [10.25, 2, 10, 2.25], "texture": "#0"}
			}
		},
		{
			"from": [8, 7.9, 4.3875],
			"to": [8.1, 9.75, 4.4125],
			"rotation": {"angle": -22.5, "axis": "x", "origin": [7, 7.8, 3.35]},
			"faces": {
				"north": {"uv": [4, 6.5, 4.25, 7.5], "texture": "#0"},
				"east": {"uv": [6.5, 4, 6.75, 5], "texture": "#0"},
				"south": {"uv": [6.5, 5, 6.75, 6], "texture": "#0"},
				"west": {"uv": [6.5, 6, 6.75, 7], "texture": "#0"},
				"up": {"uv": [2.75, 10.25, 2.5, 10], "texture": "#0"},
				"down": {"uv": [10.25, 2.5, 10, 2.75], "texture": "#0"}
			}
		},
		{
			"from": [8, 7.9, 4.4125],
			"to": [8.1, 9.75, 4.4375],
			"rotation": {"angle": -22.5, "axis": "x", "origin": [7, 7.8, 3.35]},
			"faces": {
				"north": {"uv": [0, 7, 0.25, 8], "texture": "#0"},
				"east": {"uv": [7, 0, 7.25, 1], "texture": "#0"},
				"south": {"uv": [0.5, 7, 0.75, 8], "texture": "#0"},
				"west": {"uv": [1, 7, 1.25, 8], "texture": "#0"},
				"up": {"uv": [3.25, 10.25, 3, 10], "texture": "#0"},
				"down": {"uv": [10.25, 3, 10, 3.25], "texture": "#0"}
			}
		},
		{
			"from": [8, 7.9, 4.4375],
			"to": [8.1, 9.75, 4.4625],
			"rotation": {"angle": -22.5, "axis": "x", "origin": [7, 7.8, 3.35]},
			"faces": {
				"north": {"uv": [7, 1, 7.25, 2], "texture": "#0"},
				"east": {"uv": [1.5, 7, 1.75, 8], "texture": "#0"},
				"south": {"uv": [2, 7, 2.25, 8], "texture": "#0"},
				"west": {"uv": [7, 2, 7.25, 3], "texture": "#0"},
				"up": {"uv": [3.75, 10.25, 3.5, 10], "texture": "#0"},
				"down": {"uv": [10.25, 3.5, 10, 3.75], "texture": "#0"}
			}
		},
		{
			"from": [8, 7.925, 4.4625],
			"to": [8.1, 9.75, 4.4875],
			"rotation": {"angle": -22.5, "axis": "x", "origin": [7, 7.8, 3.35]},
			"faces": {
				"north": {"uv": [2.5, 7, 2.75, 8], "texture": "#0"},
				"east": {"uv": [3, 7, 3.25, 8], "texture": "#0"},
				"south": {"uv": [7, 3, 7.25, 4], "texture": "#0"},
				"west": {"uv": [7, 4, 7.25, 5], "texture": "#0"},
				"up": {"uv": [4.25, 10.25, 4, 10], "texture": "#0"},
				"down": {"uv": [10.25, 4, 10, 4.25], "texture": "#0"}
			}
		},
		{
			"from": [8, 7.925, 4.4875],
			"to": [8.1, 9.75, 4.5125],
			"rotation": {"angle": -22.5, "axis": "x", "origin": [7, 7.8, 3.35]},
			"faces": {
				"north": {"uv": [4.5, 7, 4.75, 8], "texture": "#0"},
				"east": {"uv": [5, 7, 5.25, 8], "texture": "#0"},
				"south": {"uv": [7, 5, 7.25, 6], "texture": "#0"},
				"west": {"uv": [5.5, 7, 5.75, 8], "texture": "#0"},
				"up": {"uv": [4.75, 10.25, 4.5, 10], "texture": "#0"},
				"down": {"uv": [10.25, 4.5, 10, 4.75], "texture": "#0"}
			}
		},
		{
			"from": [8, 7.95, 4.5125],
			"to": [8.1, 9.75, 4.5625],
			"rotation": {"angle": -22.5, "axis": "x", "origin": [7, 7.8, 3.35]},
			"faces": {
				"north": {"uv": [6, 7, 6.25, 8], "texture": "#0"},
				"east": {"uv": [7, 6, 7.25, 7], "texture": "#0"},
				"south": {"uv": [6.5, 7, 6.75, 8], "texture": "#0"},
				"west": {"uv": [7, 7, 7.25, 8], "texture": "#0"},
				"up": {"uv": [5.25, 10.25, 5, 10], "texture": "#0"},
				"down": {"uv": [10.25, 5, 10, 5.25], "texture": "#0"}
			}
		},
		{
			"from": [8, 7.95, 4.5625],
			"to": [8.1, 9.75, 4.6125],
			"rotation": {"angle": -22.5, "axis": "x", "origin": [7, 7.8, 3.35]},
			"faces": {
				"north": {"uv": [7.5, 0, 7.75, 1], "texture": "#0"},
				"east": {"uv": [7.5, 1, 7.75, 2], "texture": "#0"},
				"south": {"uv": [7.5, 2, 7.75, 3], "texture": "#0"},
				"west": {"uv": [7.5, 3, 7.75, 4], "texture": "#0"},
				"up": {"uv": [5.75, 10.25, 5.5, 10], "texture": "#0"},
				"down": {"uv": [10.25, 5.5, 10, 5.75], "texture": "#0"}
			}
		},
		{
			"from": [8, 8, 4.6125],
			"to": [8.1, 9.75, 4.6625],
			"rotation": {"angle": -22.5, "axis": "x", "origin": [7, 7.8, 3.35]},
			"faces": {
				"north": {"uv": [3.5, 7.5, 3.75, 8.5], "texture": "#0"},
				"east": {"uv": [4, 7.5, 4.25, 8.5], "texture": "#0"},
				"south": {"uv": [7.5, 4, 7.75, 5], "texture": "#0"},
				"west": {"uv": [7.5, 5, 7.75, 6], "texture": "#0"},
				"up": {"uv": [6.25, 10.25, 6, 10], "texture": "#0"},
				"down": {"uv": [10.25, 6, 10, 6.25], "texture": "#0"}
			}
		},
		{
			"from": [8, 8.025, 4.6625],
			"to": [8.1, 9.75, 4.7125],
			"rotation": {"angle": -22.5, "axis": "x", "origin": [7, 7.8, 3.35]},
			"faces": {
				"north": {"uv": [4.5, 8, 4.75, 8.75], "texture": "#0"},
				"east": {"uv": [8, 4.5, 8.25, 5.25], "texture": "#0"},
				"south": {"uv": [5, 8, 5.25, 8.75], "texture": "#0"},
				"west": {"uv": [5.5, 8, 5.75, 8.75], "texture": "#0"},
				"up": {"uv": [6.75, 10.25, 6.5, 10], "texture": "#0"},
				"down": {"uv": [10.25, 6.5, 10, 6.75], "texture": "#0"}
			}
		},
		{
			"from": [8, 8.025, 4.7125],
			"to": [8.1, 9.75, 4.7625],
			"rotation": {"angle": -22.5, "axis": "x", "origin": [7, 7.8, 3.35]},
			"faces": {
				"north": {"uv": [8, 5.5, 8.25, 6.25], "texture": "#0"},
				"east": {"uv": [6, 8, 6.25, 8.75], "texture": "#0"},
				"south": {"uv": [6.5, 8, 6.75, 8.75], "texture": "#0"},
				"west": {"uv": [8, 6.5, 8.25, 7.25], "texture": "#0"},
				"up": {"uv": [7.25, 10.25, 7, 10], "texture": "#0"},
				"down": {"uv": [10.25, 7, 10, 7.25], "texture": "#0"}
			}
		},
		{
			"from": [8, 8.05, 4.7625],
			"to": [8.1, 9.75, 4.8125],
			"rotation": {"angle": -22.5, "axis": "x", "origin": [7, 7.8, 3.35]},
			"faces": {
				"north": {"uv": [7, 8, 7.25, 8.75], "texture": "#0"},
				"east": {"uv": [7.5, 8, 7.75, 8.75], "texture": "#0"},
				"south": {"uv": [8, 7.5, 8.25, 8.25], "texture": "#0"},
				"west": {"uv": [0, 8.5, 0.25, 9.25], "texture": "#0"},
				"up": {"uv": [7.75, 10.25, 7.5, 10], "texture": "#0"},
				"down": {"uv": [10.25, 7.5, 10, 7.75], "texture": "#0"}
			}
		},
		{
			"from": [8, 8.075, 4.8125],
			"to": [8.1, 9.75, 4.8625],
			"rotation": {"angle": -22.5, "axis": "x", "origin": [7, 7.8, 3.35]},
			"faces": {
				"north": {"uv": [8.5, 0, 8.75, 0.75], "texture": "#0"},
				"east": {"uv": [8.5, 1, 8.75, 1.75], "texture": "#0"},
				"south": {"uv": [8.5, 2, 8.75, 2.75], "texture": "#0"},
				"west": {"uv": [8.5, 3, 8.75, 3.75], "texture": "#0"},
				"up": {"uv": [8.25, 10.25, 8, 10], "texture": "#0"},
				"down": {"uv": [10.25, 8, 10, 8.25], "texture": "#0"}
			}
		},
		{
			"from": [8, 13.37, 4.2],
			"to": [8.1, 13.6, 4.95],
			"rotation": {"angle": 22.5, "axis": "x", "origin": [7, 11.6, 4.4]},
			"faces": {
				"north": {"uv": [2, 9, 2.25, 9.25], "texture": "#0"},
				"east": {"uv": [8.5, 5, 9, 5.25], "texture": "#0"},
				"south": {"uv": [9, 2, 9.25, 2.25], "texture": "#0"},
				"west": {"uv": [8.5, 5.5, 9, 5.75], "texture": "#0"},
				"up": {"uv": [8.75, 6.5, 8.5, 6], "texture": "#0"},
				"down": {"uv": [8.75, 6.5, 8.5, 7], "texture": "#0"}
			}
		},
		{
			"from": [8, 11.6, 5.44],
			"to": [8.1, 13.2, 6.1],
			"rotation": {"angle": 22.5, "axis": "x", "origin": [7, 11.6, 4.4]},
			"faces": {
				"north": {"uv": [2.5, 8, 2.75, 8.75], "texture": "#0"},
				"east": {"uv": [8, 2.5, 8.25, 3.25], "texture": "#0"},
				"south": {"uv": [3, 8, 3.25, 8.75], "texture": "#0"},
				"west": {"uv": [8, 3.5, 8.25, 4.25], "texture": "#0"},
				"up": {"uv": [2.75, 9.25, 2.5, 9], "texture": "#0"},
				"down": {"uv": [9.25, 2.5, 9, 2.75], "texture": "#0"}
			}
		},
		{
			"from": [8, 13.37, 4.95],
			"to": [8.1, 13.6, 6.1],
			"rotation": {"angle": 22.5, "axis": "x", "origin": [7, 11.6, 4.4]},
			"faces": {
				"north": {"uv": [3, 9, 3.25, 9.25], "texture": "#0"},
				"east": {"uv": [8.5, 7, 9, 7.25], "texture": "#0"},
				"south": {"uv": [9, 3, 9.25, 3.25], "texture": "#0"},
				"west": {"uv": [8.5, 7.5, 9, 7.75], "texture": "#0"},
				"up": {"uv": [8.25, 9, 8, 8.5], "texture": "#0"},
				"down": {"uv": [8.75, 8, 8.5, 8.5], "texture": "#0"}
			}
		},
		{
			"from": [7.999, 14.4, 3.075],
			"to": [8.0991, 14.475, 3.3],
			"rotation": {"angle": 45, "axis": "x", "origin": [7, 12.5, 3.3]},
			"faces": {
				"north": {"uv": [3.5, 9, 3.75, 9.25], "texture": "#0"},
				"east": {"uv": [9, 3.5, 9.25, 3.75], "texture": "#0"},
				"south": {"uv": [4, 9, 4.25, 9.25], "texture": "#0"},
				"west": {"uv": [9, 4, 9.25, 4.25], "texture": "#0"},
				"up": {"uv": [4.75, 9.25, 4.5, 9], "texture": "#0"},
				"down": {"uv": [9.25, 4.5, 9, 4.75], "texture": "#0"}
			}
		},
		{
			"from": [7.999, 14.45, 3.05],
			"to": [8.0991, 14.5, 3.3],
			"rotation": {"angle": 45, "axis": "x", "origin": [7, 12.5, 3.3]},
			"faces": {
				"north": {"uv": [9.5, 6, 9.75, 6.25], "texture": "#0"},
				"east": {"uv": [6.5, 9.5, 6.75, 9.75], "texture": "#0"},
				"south": {"uv": [9.5, 6.5, 9.75, 6.75], "texture": "#0"},
				"west": {"uv": [7, 9.5, 7.25, 9.75], "texture": "#0"},
				"up": {"uv": [9.75, 7.25, 9.5, 7], "texture": "#0"},
				"down": {"uv": [7.75, 9.5, 7.5, 9.75], "texture": "#0"}
			}
		},
		{
			"from": [8, 13.6, 3.7],
			"to": [8.1, 14.175, 3.725],
			"rotation": {"angle": 22.5, "axis": "x", "origin": [7, 12.1, 3.9]},
			"faces": {
				"north": {"uv": [5, 9, 5.25, 9.25], "texture": "#0"},
				"east": {"uv": [9, 5, 9.25, 5.25], "texture": "#0"},
				"south": {"uv": [5.5, 9, 5.75, 9.25], "texture": "#0"},
				"west": {"uv": [9, 5.5, 9.25, 5.75], "texture": "#0"},
				"up": {"uv": [6.25, 9.25, 6, 9], "texture": "#0"},
				"down": {"uv": [9.25, 6, 9, 6.25], "texture": "#0"}
			}
		},
		{
			"from": [8, 13.6, 3.725],
			"to": [8.1, 14.15, 3.8],
			"rotation": {"angle": 22.5, "axis": "x", "origin": [7, 12.1, 3.9]},
			"faces": {
				"north": {"uv": [9.5, 4.5, 9.75, 4.75], "texture": "#0"},
				"east": {"uv": [5, 9.5, 5.25, 9.75], "texture": "#0"},
				"south": {"uv": [9.5, 5, 9.75, 5.25], "texture": "#0"},
				"west": {"uv": [5.5, 9.5, 5.75, 9.75], "texture": "#0"},
				"up": {"uv": [9.75, 5.75, 9.5, 5.5], "texture": "#0"},
				"down": {"uv": [6.25, 9.5, 6, 9.75], "texture": "#0"}
			}
		},
		{
			"from": [8, 13.6, 3.8],
			"to": [8.1, 14.05, 4],
			"rotation": {"angle": 22.5, "axis": "x", "origin": [7, 12.1, 3.9]},
			"faces": {
				"north": {"uv": [6.5, 9, 6.75, 9.25], "texture": "#0"},
				"east": {"uv": [9, 6.5, 9.25, 6.75], "texture": "#0"},
				"south": {"uv": [7, 9, 7.25, 9.25], "texture": "#0"},
				"west": {"uv": [9, 7, 9.25, 7.25], "texture": "#0"},
				"up": {"uv": [7.75, 9.25, 7.5, 9], "texture": "#0"},
				"down": {"uv": [9.25, 7.5, 9, 7.75], "texture": "#0"}
			}
		},
		{
			"from": [8, 13.6, 4],
			"to": [8.1, 13.97, 4.2],
			"rotation": {"angle": 22.5, "axis": "x", "origin": [7, 12.1, 3.9]},
			"faces": {
				"north": {"uv": [8, 9, 8.25, 9.25], "texture": "#0"},
				"east": {"uv": [9, 8, 9.25, 8.25], "texture": "#0"},
				"south": {"uv": [8.5, 9, 8.75, 9.25], "texture": "#0"},
				"west": {"uv": [9, 8.5, 9.25, 8.75], "texture": "#0"},
				"up": {"uv": [9.25, 9.25, 9, 9], "texture": "#0"},
				"down": {"uv": [0.25, 9.5, 0, 9.75], "texture": "#0"}
			}
		},
		{
			"from": [8, 13.6, 4.2],
			"to": [8.1, 13.9, 4.3],
			"rotation": {"angle": 22.5, "axis": "x", "origin": [7, 12.1, 3.9]},
			"faces": {
				"north": {"uv": [9.5, 0, 9.75, 0.25], "texture": "#0"},
				"east": {"uv": [0.5, 9.5, 0.75, 9.75], "texture": "#0"},
				"south": {"uv": [9.5, 0.5, 9.75, 0.75], "texture": "#0"},
				"west": {"uv": [1, 9.5, 1.25, 9.75], "texture": "#0"},
				"up": {"uv": [9.75, 1.25, 9.5, 1], "texture": "#0"},
				"down": {"uv": [1.75, 9.5, 1.5, 9.75], "texture": "#0"}
			}
		},
		{
			"from": [8, 13.6, 4.3],
			"to": [8.1, 13.9, 4.4],
			"rotation": {"angle": 22.5, "axis": "x", "origin": [7, 12.1, 3.9]},
			"faces": {
				"north": {"uv": [9.5, 1.5, 9.75, 1.75], "texture": "#0"},
				"east": {"uv": [2, 9.5, 2.25, 9.75], "texture": "#0"},
				"south": {"uv": [9.5, 2, 9.75, 2.25], "texture": "#0"},
				"west": {"uv": [2.5, 9.5, 2.75, 9.75], "texture": "#0"},
				"up": {"uv": [9.75, 2.75, 9.5, 2.5], "texture": "#0"},
				"down": {"uv": [3.25, 9.5, 3, 9.75], "texture": "#0"}
			}
		},
		{
			"from": [7.999, 14.4, 3.3],
			"to": [8.101, 14.5, 4],
			"rotation": {"angle": 45, "axis": "x", "origin": [7, 12.5, 3.3]},
			"faces": {
				"north": {"uv": [9.5, 3, 9.75, 3.25], "texture": "#0"},
				"east": {"uv": [3.5, 9.5, 3.75, 9.75], "texture": "#0"},
				"south": {"uv": [9.5, 3.5, 9.75, 3.75], "texture": "#0"},
				"west": {"uv": [4, 9.5, 4.25, 9.75], "texture": "#0"},
				"up": {"uv": [9.75, 4.25, 9.5, 4], "texture": "#0"},
				"down": {"uv": [4.75, 9.5, 4.5, 9.75], "texture": "#0"}
			}
		},
		{
			"from": [8, 11.3, 3.7],
			"to": [8.1, 13.6, 5.6],
			"rotation": {"angle": 22.5, "axis": "x", "origin": [7, 12.1, 3.9]},
			"faces": {
				"north": {"uv": [4, 3, 4.25, 4.25], "texture": "#0"},
				"east": {"uv": [2, 0, 3, 1.25], "texture": "#0"},
				"south": {"uv": [3.5, 4, 3.75, 5.25], "texture": "#0"},
				"west": {"uv": [2, 1.5, 3, 2.75], "texture": "#0"},
				"up": {"uv": [5.75, 1, 5.5, 0], "texture": "#0"},
				"down": {"uv": [5.75, 1, 5.5, 2], "texture": "#0"}
			}
		},
		{
			"from": [7.65, 0, 6.95],
			"to": [8.45, 0.75, 7.85],
			"rotation": {"angle": 0, "axis": "y", "origin": [7, 0, 6.475]},
			"faces": {
				"north": {"uv": [7.5, 6, 8, 6.5], "texture": "#0"},
				"east": {"uv": [7.5, 6.5, 8, 7], "texture": "#0"},
				"south": {"uv": [7.5, 7, 8, 7.5], "texture": "#0"},
				"west": {"uv": [7.5, 7.5, 8, 8], "texture": "#0"},
				"up": {"uv": [0.5, 8.5, 0, 8], "texture": "#0"},
				"down": {"uv": [8.5, 0, 8, 0.5], "texture": "#0"}
			}
		}
	],
	"display": {
		"thirdperson_righthand": {
			"translation": [0, 1, 1.25]
		},
		"thirdperson_lefthand": {
			"translation": [0, 0, 1.5]
		},
		"firstperson_righthand": {
			"rotation": [0, -17, 0],
			"translation": [-0.5, 4.5, 5.5]
		},
		"firstperson_lefthand": {
			"translation": [1.75, 4.75, 1.75]
		},
		"ground": {
			"rotation": [-61.13, 3.1, 86.78],
			"translation": [-1.5, 1.25, 2.25]
		},
		"gui": {
			"rotation": [-94.19, -41.91, -103.47],
			"translation": [-0.25, 0.75, 0],
			"scale": [1.25, 1.25, 1.25]
		},
		"head": {
			"rotation": [-62.5, 0, 0],
			"translation": [0, -23.5, -7]
		},
		"fixed": {
			"rotation": [-85.75, 43.56, 85.68],
			"translation": [0, 0, 0.75]
		}
	}
}