{
	"format_version": "1.21.6",
	"credit": "Made with Blockbench",
	"texture_size": [64, 64],
	"textures": {
		"0": "./h3",
		"particle": "./h3"
	},
	"elements": [
		{
			"from": [4, 0, 4],
			"to": [7, 3, 4.025],
			"rotation": {"angle": 0, "axis": "y", "origin": [7, 0, 7]},
			"faces": {
				"north": {"uv": [5.25, 4.25, 6, 5], "texture": "#0"},
				"east": {"uv": [6, 5, 6.25, 5.75], "texture": "#0"},
				"south": {"uv": [4, 5.25, 4.75, 6], "texture": "#0"},
				"west": {"uv": [2.75, 6.5, 3, 7.25], "texture": "#0"},
				"up": {"uv": [8, 1, 7.25, 0.75], "texture": "#0"},
				"down": {"uv": [8, 1, 7.25, 1.25], "texture": "#0"}
			}
		},
		{
			"from": [4, 3, 4],
			"to": [5, 4, 4.025],
			"rotation": {"angle": 0, "axis": "y", "origin": [7, 0, 7]},
			"faces": {
				"north": {"uv": [5.75, 4, 6, 4.25], "texture": "#0"},
				"east": {"uv": [6, 4.75, 6.25, 5], "texture": "#0"},
				"south": {"uv": [4, 5, 4.25, 5.25], "texture": "#0"},
				"west": {"uv": [2.75, 6.25, 3, 6.5], "texture": "#0"},
				"up": {"uv": [8, 1, 7.75, 0.75], "texture": "#0"},
				"down": {"uv": [8, 1, 7.75, 1.25], "texture": "#0"}
			}
		},
		{
			"from": [7, 0, 4],
			"to": [9, 4, 4.025],
			"rotation": {"angle": 0, "axis": "y", "origin": [7, 0, 7]},
			"faces": {
				"north": {"uv": [4.75, 4, 5.25, 5], "texture": "#0"},
				"east": {"uv": [6, 4.75, 6.25, 5.75], "texture": "#0"},
				"south": {"uv": [4.75, 5, 5.25, 6], "texture": "#0"},
				"west": {"uv": [2.75, 6.25, 3, 7.25], "texture": "#0"},
				"up": {"uv": [7.25, 1, 6.75, 0.75], "texture": "#0"},
				"down": {"uv": [7.25, 1, 6.75, 1.25], "texture": "#0"}
			}
		},
		{
			"from": [9, 0, 4],
			"to": [12, 3, 4.025],
			"rotation": {"angle": 0, "axis": "y", "origin": [7, 0, 7]},
			"faces": {
				"north": {"uv": [4, 4.25, 4.75, 5], "texture": "#0"},
				"east": {"uv": [6, 5, 6.25, 5.75], "texture": "#0"},
				"south": {"uv": [5.25, 5.25, 6, 6], "texture": "#0"},
				"west": {"uv": [2.75, 6.5, 3, 7.25], "texture": "#0"},
				"up": {"uv": [6.75, 1, 6, 0.75], "texture": "#0"},
				"down": {"uv": [6.75, 1, 6, 1.25], "texture": "#0"}
			}
		},
		{
			"from": [11, 3, 4],
			"to": [12, 4, 4.025],
			"rotation": {"angle": 0, "axis": "y", "origin": [7, 0, 7]},
			"faces": {
				"north": {"uv": [4, 4, 4.25, 4.25], "texture": "#0"},
				"east": {"uv": [6, 4.75, 6.25, 5], "texture": "#0"},
				"south": {"uv": [5.75, 5, 6, 5.25], "texture": "#0"},
				"west": {"uv": [2.75, 6.25, 3, 6.5], "texture": "#0"},
				"up": {"uv": [6.25, 1, 6, 0.75], "texture": "#0"},
				"down": {"uv": [6.25, 1, 6, 1.25], "texture": "#0"}
			}
		},
		{
			"from": [4, 4, 4],
			"to": [5, 5, 4.025],
			"rotation": {"angle": 0, "axis": "y", "origin": [7, 0, 7]},
			"faces": {
				"north": {"uv": [6.25, 4.75, 6.5, 5], "texture": "#0"},
				"east": {"uv": [6.25, 5, 6.5, 5.25], "texture": "#0"},
				"south": {"uv": [5.25, 6.25, 5.5, 6.5], "texture": "#0"},
				"west": {"uv": [6.25, 5.25, 6.5, 5.5], "texture": "#0"},
				"up": {"uv": [5.75, 6.5, 5.5, 6.25], "texture": "#0"},
				"down": {"uv": [6.5, 5.5, 6.25, 5.75], "texture": "#0"}
			}
		},
		{
			"from": [7, 4, 4],
			"to": [9, 5, 4.025],
			"rotation": {"angle": 0, "axis": "y", "origin": [7, 0, 7]},
			"faces": {
				"north": {"uv": [6, 5.75, 6.5, 6], "texture": "#0"},
				"east": {"uv": [5.75, 6.25, 6, 6.5], "texture": "#0"},
				"south": {"uv": [3.5, 6.25, 4, 6.5], "texture": "#0"},
				"west": {"uv": [6, 6.25, 6.25, 6.5], "texture": "#0"},
				"up": {"uv": [4.75, 6.5, 4.25, 6.25], "texture": "#0"},
				"down": {"uv": [5.25, 6.25, 4.75, 6.5], "texture": "#0"}
			}
		},
		{
			"from": [11, 4, 4],
			"to": [12, 5, 4.025],
			"rotation": {"angle": 0, "axis": "y", "origin": [7, 0, 7]},
			"faces": {
				"north": {"uv": [6.25, 6, 6.5, 6.25], "texture": "#0"},
				"east": {"uv": [6.25, 6.25, 6.5, 6.5], "texture": "#0"},
				"south": {"uv": [6.5, 2, 6.75, 2.25], "texture": "#0"},
				"west": {"uv": [6.5, 2.25, 6.75, 2.5], "texture": "#0"},
				"up": {"uv": [6.75, 2.75, 6.5, 2.5], "texture": "#0"},
				"down": {"uv": [6.75, 2.75, 6.5, 3], "texture": "#0"}
			}
		},
		{
			"from": [4, 5, 4],
			"to": [5, 6, 4.025],
			"rotation": {"angle": 0, "axis": "y", "origin": [7, 0, 7]},
			"faces": {
				"north": {"uv": [1.75, 6.5, 2, 6.75], "texture": "#0"},
				"east": {"uv": [3, 6.75, 3.25, 7], "texture": "#0"},
				"south": {"uv": [6, 0.5, 6.25, 0.75], "texture": "#0"},
				"west": {"uv": [3.25, 6.75, 3.5, 7], "texture": "#0"},
				"up": {"uv": [8, 4.5, 7.75, 4.25], "texture": "#0"},
				"down": {"uv": [8, 4.5, 7.75, 4.75], "texture": "#0"}
			}
		},
		{
			"from": [5, 4, 4],
			"to": [7, 6, 4.025],
			"rotation": {"angle": 0, "axis": "y", "origin": [7, 0, 7]},
			"faces": {
				"north": {"uv": [1.25, 6.5, 1.75, 6.75], "texture": "#0"},
				"east": {"uv": [3, 6.75, 3.25, 7], "texture": "#0"},
				"south": {"uv": [6.25, 0.5, 6.75, 0.75], "texture": "#0"},
				"west": {"uv": [3.25, 6.75, 3.5, 7], "texture": "#0"},
				"up": {"uv": [7.75, 4.5, 7.25, 4.25], "texture": "#0"},
				"down": {"uv": [7.75, 4.5, 7.25, 4.75], "texture": "#0"}
			}
		},
		{
			"from": [7, 5, 4],
			"to": [9, 6, 4.025],
			"rotation": {"angle": 0, "axis": "y", "origin": [7, 0, 7]},
			"faces": {
				"north": {"uv": [0.75, 6.5, 1.25, 6.75], "texture": "#0"},
				"east": {"uv": [3, 6.75, 3.25, 7], "texture": "#0"},
				"south": {"uv": [6.75, 0.5, 7.25, 0.75], "texture": "#0"},
				"west": {"uv": [3.25, 6.75, 3.5, 7], "texture": "#0"},
				"up": {"uv": [7.25, 4.5, 6.75, 4.25], "texture": "#0"},
				"down": {"uv": [7.25, 4.5, 6.75, 4.75], "texture": "#0"}
			}
		},
		{
			"from": [9, 4, 4],
			"to": [11, 6, 4.025],
			"rotation": {"angle": 0, "axis": "y", "origin": [7, 0, 7]},
			"faces": {
				"north": {"uv": [0.25, 6.5, 0.75, 6.75], "texture": "#0"},
				"east": {"uv": [3, 6.75, 3.25, 7], "texture": "#0"},
				"south": {"uv": [7.25, 0.5, 7.75, 0.75], "texture": "#0"},
				"west": {"uv": [3.25, 6.75, 3.5, 7], "texture": "#0"},
				"up": {"uv": [6.75, 4.5, 6.25, 4.25], "texture": "#0"},
				"down": {"uv": [6.75, 4.5, 6.25, 4.75], "texture": "#0"}
			}
		},
		{
			"from": [4, 6, 4],
			"to": [11, 8, 4.025],
			"rotation": {"angle": 0, "axis": "y", "origin": [7, 0, 7]},
			"faces": {
				"north": {"uv": [0.25, 6, 2, 6.5], "texture": "#0"},
				"east": {"uv": [3, 6.25, 3.25, 6.75], "texture": "#0"},
				"south": {"uv": [6, 0, 7.75, 0.5], "texture": "#0"},
				"west": {"uv": [3.25, 6.25, 3.5, 6.75], "texture": "#0"},
				"up": {"uv": [8, 4.5, 6.25, 4.25], "texture": "#0"},
				"down": {"uv": [8, 4.5, 6.25, 4.75], "texture": "#0"}
			}
		},
		{
			"from": [11, 5, 4],
			"to": [12, 8, 4.025],
			"rotation": {"angle": 0, "axis": "y", "origin": [7, 0, 7]},
			"faces": {
				"north": {"uv": [0, 6, 0.25, 6.75], "texture": "#0"},
				"east": {"uv": [3, 6.25, 3.25, 7], "texture": "#0"},
				"south": {"uv": [7.75, 0, 8, 0.75], "texture": "#0"},
				"west": {"uv": [3.25, 6.25, 3.5, 7], "texture": "#0"},
				"up": {"uv": [6.25, 4.5, 6, 4.25], "texture": "#0"},
				"down": {"uv": [6.25, 4.5, 6, 4.75], "texture": "#0"}
			}
		},
		{
			"from": [4, 0, 4.025],
			"to": [4, 8, 12],
			"rotation": {"angle": 0, "axis": "y", "origin": [7, 0, 7]},
			"faces": {
				"north": {"uv": [0, 0, 0, 2], "texture": "#0"},
				"east": {"uv": [0, 0, 2, 2], "texture": "#0"},
				"south": {"uv": [0, 0, 0, 2], "texture": "#0"},
				"west": {"uv": [0, 2, 2, 4], "texture": "#0"},
				"up": {"uv": [0, 2, 0, 0], "texture": "#0"},
				"down": {"uv": [0, 0, 0, 2], "texture": "#0"}
			}
		},
		{
			"from": [4, 7.95, 4],
			"to": [12, 8, 12],
			"rotation": {"angle": 0, "axis": "y", "origin": [7, 0, 7]},
			"faces": {
				"north": {"uv": [6, 1.25, 8, 1.5], "texture": "#0"},
				"east": {"uv": [6, 1.5, 8, 1.75], "texture": "#0"},
				"south": {"uv": [6, 1.75, 8, 2], "texture": "#0"},
				"west": {"uv": [2, 6, 4, 6.25], "texture": "#0"},
				"up": {"uv": [4, 2, 2, 0], "texture": "#0"},
				"down": {"uv": [4, 2, 2, 4], "texture": "#0"}
			}
		},
		{
			"from": [11.975, 0, 4],
			"to": [12, 8, 12],
			"rotation": {"angle": 0, "axis": "y", "origin": [7, 0, 7]},
			"faces": {
				"north": {"uv": [2, 6.25, 2.25, 8.25], "texture": "#0"},
				"east": {"uv": [2, 4, 4, 6], "texture": "#0"},
				"south": {"uv": [6.25, 2, 6.5, 4], "texture": "#0"},
				"west": {"uv": [4, 2, 6, 4], "texture": "#0"},
				"up": {"uv": [2.5, 8.25, 2.25, 6.25], "texture": "#0"},
				"down": {"uv": [2.75, 6.25, 2.5, 8.25], "texture": "#0"}
			}
		},
		{
			"from": [4, 0, 11.975],
			"to": [12, 8, 12],
			"rotation": {"angle": 0, "axis": "y", "origin": [7, 0, 7]},
			"faces": {
				"north": {"uv": [0, 4, 2, 6], "texture": "#0"},
				"east": {"uv": [6, 2, 6.25, 4], "texture": "#0"},
				"south": {"uv": [4, 0, 6, 2], "texture": "#0"},
				"west": {"uv": [4, 6, 4.25, 8], "texture": "#0"},
				"up": {"uv": [8, 4.25, 6, 4], "texture": "#0"},
				"down": {"uv": [6.25, 6, 4.25, 6.25], "texture": "#0"}
			}
		}
	],
	"display": {
		"thirdperson_righthand": {
			"translation": [0, 1.5, 1.25],
			"scale": [0.6, 0.6, 0.6]
		},
		"thirdperson_lefthand": {
			"translation": [0, 1, 1],
			"scale": [0.6, 0.6, 0.6]
		},
		"firstperson_righthand": {
			"rotation": [-180, 74.75, -180],
			"translation": [0, 5.5, 0]
		},
		"firstperson_lefthand": {
			"rotation": [0, 111, 0],
			"translation": [0, 6, 0.5]
		},
		"ground": {
			"translation": [0, 4.5, 0]
		},
		"gui": {
			"rotation": [4.08, -151, -16.49],
			"translation": [-0.75, 4, 0]
		},
		"head": {
			"translation": [0, 6.5, 0],
			"scale": [1.61, 1.61, 1.61]
		},
		"fixed": {
			"rotation": [0, 1.5, 0],
			"translation": [0, 4.5, 0]
		}
	}
}