{
	"format_version": "1.9.0",
	"credit": "Made with Blockbench",
	"texture_size": [32, 32],
	"textures": {
		"0": "./n4",
		"particle": "./n4"
	},
	"elements": [
		{
			"from": [5, 0, 5],
			"to": [11, 5, 11],
			"rotation": {"angle": 0, "axis": "y", "origin": [7, 0, 7]},
			"faces": {
				"north": {"uv": [3, 0, 6, 2.5], "texture": "#0"},
				"east": {"uv": [3, 2.5, 6, 5], "texture": "#0"},
				"south": {"uv": [3, 5, 6, 7.5], "texture": "#0"},
				"west": {"uv": [0, 6, 3, 8.5], "texture": "#0"},
				"up": {"uv": [3, 3, 0, 0], "texture": "#0"},
				"down": {"uv": [3, 3, 0, 6], "texture": "#0"}
			}
		},
		{
			"from": [5.5, 5, 5.5],
			"to": [10.5, 9, 10.6],
			"rotation": {"angle": 0, "axis": "y", "origin": [7, 5, 7]},
			"faces": {
				"north": {"uv": [6, 5, 8.5, 7], "texture": "#0"},
				"east": {"uv": [6, 7, 8.5, 9], "texture": "#0"},
				"south": {"uv": [3, 7.5, 5.5, 9.5], "texture": "#0"},
				"west": {"uv": [0, 8.5, 2.5, 10.5], "texture": "#0"},
				"up": {"uv": [8.5, 2.5, 6, 0], "texture": "#0"},
				"down": {"uv": [8.5, 2.5, 6, 5], "texture": "#0"}
			}
		},
		{
			"from": [6, 9, 6],
			"to": [10, 12.5, 10.1],
			"rotation": {"angle": 0, "axis": "y", "origin": [7, 9, 7]},
			"faces": {
				"north": {"uv": [8.5, 4, 10.5, 5.75], "texture": "#0"},
				"east": {"uv": [8.5, 6, 10.5, 7.75], "texture": "#0"},
				"south": {"uv": [8.5, 8, 10.5, 9.75], "texture": "#0"},
				"west": {"uv": [5.5, 9, 7.5, 10.75], "texture": "#0"},
				"up": {"uv": [10.5, 2, 8.5, 0], "texture": "#0"},
				"down": {"uv": [10.5, 2, 8.5, 4], "texture": "#0"}
			}
		},
		{
			"from": [4.7, 3.4, 7.8],
			"to": [5.3, 8.2, 8.4],
			"rotation": {"angle": -22.5, "axis": "z", "origin": [5.5, 6.2, 6.6]},
			"faces": {
				"north": {"uv": [2.5, 8.5, 2.75, 11], "texture": "#0"},
				"east": {"uv": [7.5, 9, 7.75, 11.5], "texture": "#0"},
				"south": {"uv": [8, 9, 8.25, 11.5], "texture": "#0"},
				"west": {"uv": [3, 9.5, 3.25, 12], "texture": "#0"},
				"up": {"uv": [5.75, 7.75, 5.5, 7.5], "texture": "#0"},
				"down": {"uv": [5.75, 8, 5.5, 8.25], "texture": "#0"}
			}
		},
		{
			"from": [10.6, 3.6, 7.6],
			"to": [11.2, 8.4, 8.2],
			"rotation": {"angle": 22.5, "axis": "z", "origin": [11.4, 6.4, 6.4]},
			"faces": {
				"north": {"uv": [3.5, 9.5, 3.75, 12], "texture": "#0"},
				"east": {"uv": [4, 9.5, 4.25, 12], "texture": "#0"},
				"south": {"uv": [4.5, 9.5, 4.75, 12], "texture": "#0"},
				"west": {"uv": [5, 9.5, 5.25, 12], "texture": "#0"},
				"up": {"uv": [5.75, 8.75, 5.5, 8.5], "texture": "#0"},
				"down": {"uv": [8.75, 10, 8.5, 10.25], "texture": "#0"}
			}
		}
	],
	"display": {
		"thirdperson_righthand": {
			"rotation": [0, -180, 0],
			"translation": [0, 2, 1.5],
			"scale": [0.43, 0.42, 0.42]
		},
		"thirdperson_lefthand": {
			"rotation": [0, -180, 0],
			"translation": [0, 2.5, 1.75],
			"scale": [0.42, 0.42, 0.42]
		},
		"firstperson_righthand": {
			"rotation": [-180, 12.5, -180],
			"translation": [0, 5.5, 2.5],
			"scale": [0.56, 0.56, 0.55]
		},
		"firstperson_lefthand": {
			"rotation": [0, 147, 0],
			"translation": [0, 5.25, 3],
			"scale": [0.4, 0.37, 0.33]
		},
		"gui": {
			"rotation": [-180, -15.5, -180],
			"translation": [0, 1.75, 0]
		},
		"head": {
			"translation": [0, 14.25, 0]
		},
		"fixed": {
			"translation": [0, 1.25, 0]
		}
	}
}